Text,Questions,Answers
"වින්ඩෝස් 8 වින්ඩෝස් දැන් Android සහ iOS ඇතුළු ජංගම දුරකථන මෙහෙයුම් පද්ධති සමඟ තරඟ කරමින් සිටි ටැබ්ලට්, එහි පරිශීලක අත්දැකීම පුළුල් කර ගැනීම සඳහා මෙහෙයුම් පද්ධතියේ වේදිකාවක් සහ පරිශීලක අතුරු මුහුණත ප්රධාන වෙනස්කම් හඳුන්වා දෙන ලදී. විශේෂයෙන් ම, මෙම වෙනස්කම් මයික්රොසොෆ්ට් සමාගමේ ""මෙට්රෝ"" නිර්මාණ භාෂාව, (එය ප්රදර්ශනය වැඩසටහන් හා උළු ක විදුලිබල පද්ධතියට මත ගතිකව යාවත්කාලීන අන්තර්ගතය) ආරම්භක තිරයෙහි, ටච්-ස්ක්රීන් ජංගම දුරකථන ගැන අවධාරණයක් සහිතව යෙදුම් සංවර්ධනය සඳහා නව වේදිකාවක් මත පදනම් වූ ස්පර්ශ ප්රචලිත කෙරෙන වින්ඩෝස් ෂෙල් ඇතුළත් ආදාන, (උපාංග අතර සමමුහුර්ත යෙදුම් සහ සැකසුම් කිරීමේ හැකියාව ඇතුළුව) සමඟ අමුත්තන් සේවා සමඟ ඒකාබද්ධ, සහ Windows Store, නව මෘදුකාංග බාගත සහ මිලදී ගැනීම සඳහා අන්තර්ජාල සාප්පුව. වින්ඩෝස් 8 USB 3.0, උසස් ආකෘතිය දෘඪ තැටි, අසල ක්ෂේත්රයේ සන්නිවේදන හා පරිගණක වලාව සඳහා සහයෝගය වැඩිදුරටත් සඳහන් කළේය. අතිරේක ආරක්ෂක සලකුණු, බිල්ට් ලෙස ප්රති-වයිරස මෘදුකාංග, මයික්රොසොෆ්ට් SmartScreen සමග ඒකාබද්ධ අනෙක් අත්පොත් සොයාගන්නේ කෙසේද සඳහා ෙපරහන් සේවය සහ සහාය තතුබාන ඇරඹුම් අනෙක් අත්පොත් සොයාගන්නේ කෙසේද ෆර්ම් සහාය උපාංග මත, ඇරඹුම් ක්රියාවලිය ආසාදනය අනිෂ්ට මෘදුකාංග වැළැක්වීම සඳහා ආරක්ෂා කර එවැනි හඳුන්වා දෙන ලදී.","[ 'කවුද වින්ඩෝස් ප්රධාන මෙහෙයුම් පද්ධතිය තරඟකරුවන්?' 'වින්ඩෝස් 8 මොන නව ආරක්ෂක ලක්ෂණ වන්නේ කෙසේද?' ',' 'වින්ඩෝස් 8 සමග අනුකූල වේ කුමක්ද USB අනුවාදය?', 'කුමක්ද අරඹන්න තිරය මත ගත කළ හැක්කේ කෙසේද?', 'කුමක්ද ගබඩාවට ලබා සේවාවන් කරන්නේ? ',' වින්ඩෝස් අඩු මෙහෙයුම් පද්ධතිය තරඟකරුවන් කවුද? ',' වින්ඩෝස් 9 කුමක්ද නව ආරක්ෂක අංග වන්නේ කෙසේද? ',' අවසානය තිරය මත සොයා ගත හැකි පාඩම් මොනවාද? ',' වින්ඩෝස් යනු කුමක්ද USB අනුවාදය 9? ',' සේවා මොනවාද ගබඩාවට ලබා දෙන්නේ ඇයි? ""] අනුකූල","[[{ 'පෙළ' 'Android සහ iOS', 'answer_start': 205}], [{ 'පෙළ' 'බිල්ට් ප්රති-වයිරස මෘදුකාංග, මයික්රොසොෆ්ට් SmartScreen සමග ඒකාබද්ධ අනෙක් අත්පොත් සොයාගන්නේ කෙසේද සඳහා ෙපරහන් සේවය සහ සහාය තතුබාන ඇරඹුම් ආරක්ෂා කර', ' answer_start ': 855}], [{' පෙළ '' 3.0 ',' answer_start ': 719}], [{' පෙළ '' ප්රදර්ශනය වැඩසටහන් හා උළු ක විදුලිබල පද්ධතියට මත ගතිකව යාවත්කාලීන අන්තර්ගතයට ',' answer_start ': 362 }], [{ 'පෙළ': 'answer_start' 'නව මෘදුකාංගයක් බාගත කර මිලදී ගැනීම සඳහා අන්තර්ජාල සාප්පුව': 626}], [], [], [], [], []]"
"දකුණු උතුරු හා කිලෝ මීටර් 130 (81 සැත) නැගෙනහිර සිට බටහිර දෙසට කිලෝමීටර 200 කට වඩා (120 සැත) විසින් කිසිදු, ස්වාසිලන්තය අප්රිකාවේ කුඩාම රටවලින් එකකි. එහි විශාලත්වය තිබියදීත්, කෙසේ වෙතත්, එහි දේශගුණය සහ භූ ලක්ෂණ විවිධ, සිසිල් සහ කඳුකර highveld සිට උණුසුම් හා වියලි lowveld දක්වා ඇත. ජනගහනයෙන් කාගේ භාෂාව siSwati වේ මූලික වශයෙන් ජනවාර්ගික Swazis වේ. ඔවුන් Ngwane III නායකත්වය යටතේ මැද භාගයේ 18 වන සියවසේ දී, තමන්ගේ රාජ්යය ස්ථාපිත; වර්තමාන සීමාවන් 1881. හැදී ඇදී ඇති අතර Anglo-බෝර් යුද්ධයෙන් පසු, ස්වාසිලන්තය 1903 සිට 1967 1968 සැප්තැම්බර් 6 වන දින, එහි ස්වාධීනත්වය නැවත තෙක් බ්රිතාන්ය යටතේ විය.","[ 'සැතපුම් ස්වාසිලන්තය කෙසේද පුරාම ව්යාප්ත වේ ??', 'විශාලත්වය අනුව එහිදී රටේ විශාලත්වය අනුව අප්රිකාව තුළ ස්වාසිලන්තය නිලය කරන්නේ?', 'කුමක්ද ස්වාසිලන්තය ජනතාව කතා ප්රාථමික භාෂාව ද?', 'කළා, විට ජනවාර්ගික Swazis රාජ්යයක් ස්ථාපිත? ',' 18 වන ශත වර්ෂයේ Swazi රාජ්යය නායකයා කවුද? ',' දකුණු කිරීමට පියවර 200 සැත උතුරු කුමක්ද රටේ? ',' කුමක්ද ලෝකයේ smalloest රටවලින් එකකි? ',' ස්වාසිලන්තය නිල භාෂාව යනු කුමක්ද? '', ""1800 ගණන්වල රාජ්යයක් ස්ථාපිත කවුද"" ""1800 ගණන්වල දී Swazi රාජ්යය නායකයා කවුද?""]","[[{ 'පෙළ': '81 සැත ',' answer_start ': 75}], [{' පෙළ ':' කුඩාම ',' answer_start එක් ': 109}], [{' පෙළ '' siSwati ' 'answer_start': 347}], [{ 'පෙළ' 'මැද භාගයේ 18 වැනි සියවසේ', 'answer_start': 394}], [{ 'පෙළ' 'Ngwane III', 'answer_start': 435}], [ ], [], [], [], []]"
"ඉංග්රීසි වචනය (ම trans- හා fero සිට එන තේරුම ""හරහා ගෙන ඒමේ"" හෝ ""ලොව පුරා රැගෙන"" latum-එකට වන බෙලහීන ආකෘති පත්රය) ලතින් translatio සිට ""පරිවර්තනය"" පදනම්වන්නේ. නූතන සිංහල, ඉංගී්රසි භාෂා එම ලතින් මූලාශ්රයකින් හෝ විකල්ප ලතින් traducere (හෝ ""හරහා ගෙන ඒමට"" ""හරහා නායකත්වය"") වලින් වන බව ඉංග්රීසි පදය ""පරිවර්තනය"" පිළිබඳ සමාන භාවිතා කරන්න. ස්ලාවික් සහ ජර්මානු භාෂා (ලන්දේසි සමාන පිළිබඳ පැමිණිල්ලේ දී හැර, සලකන, ""නැවත භාෂාව ඉන්ග්"" ""vertaling"") එසේ ම මෙම ලතින් මූලාශ්ර calques භාවිතා කරන්න.","[ 'කුමක්ද ලතින් වචනය ඉංග්රීසි වචනය පරිවර්තනය කරන්නේ කොහෙන්ද?', 'එකම ලතින් ප්රභවය එන ඉංග්රීසි පදය ""පරිවර්තනය"" පිළිබඳ සමාන භාවිතා කුමක්ද භාෂා?', 'කුමක්ද ඉංග්රීසි ලතින් traducere අදහස් වන්නේ කුමක්ද? "",' ස්ලාව් ජාතික හා ජර්මානු භාෂා ද දේ ප්රභවය සිට ඒ හා සමාන loanword භාවිතා? ',' ලන්දේසි වචනය දල වශයෙන් පරිවර්තනය ""vertaling"" කුමක්ද? ',' ඉංග්රීසි වචනය පරිවර්තනය වචනය ආවේ ප්රංශ කුමක්ද කරන්නේ කුමක්ද? ',' පිළිබඳ සමාන භාවිතා කුමක්ද භාෂා එම ලතින් ප්රභවය එන ජර්මානු කාලීන ""පරිවර්තනය""? ',' කුමක්ද ඉංග්රීසි රුසියාවේ traducere අදහස් කරන්නේ? "", 'මොකක්ද දල වශයෙන් පරිවර්තනය ඇමරිකානු වචනය"" vertaling ""වන්නේ කෙසේද?', 'කුමක්ද භාෂාව සෑම විටම ලතින් ව්යුත්පන්න? ']","[[{ 'පෙළ' 'translatio', 'answer_start': 54}], [{ 'පෙළ' ', ඉංගී්රසි', 'answer_start': 219}], [{ 'පෙළ' '' හරහා නායකත්වය "" ' 'answer_start': 373}], [{ 'පෙළ' 'ලතින්', 'answer_start': 555}], [{ 'පෙළ' '' නැවත භාෂාව ing "" ',' answer_start ': 506}] , [], [], [], [], []]"
"මත්තල ගුවන් තොටුපොළ ගලවන්න හා ඉඩම් ගුවන් ගමන් සඳහා පහසුකම් සහිත ගගන යාත්රාංගණ වේ. ගුවන් තොටුපළ බොහෝ විට පාලක කුලුන ගුවන් යානා ගබඩා කිරීම හා පවත්වාගෙන යාම සඳහා පහසුකම්, සහ ඇත. මත්තල ගුවන් තොටුපොළ වැනි ලකුණු ගැනීමට ගුවන් යානයක් සඳහා ධාවන පථය හෝ අංගන ලෙස අවම වශයෙන් එක් සක්රීයව මතුපිට ඇතුලු aerially ප්රවේශ විවෘත අවකාශයක් සමන්විත ගොඩ බැසීම් ප්රදේශයේ, සමන්විත වේ, හා බොහෝ විට එවැනි පාලනය කුළුණු, හැඟරයේ සහ පර්යන්ත ලෙස යාබද උපයෝගීතා ගොඩනැගිලි ඇතුළත් . විශාල ගුවන් තොටුපලවල් පදනම ක්රියාකරු සේවා, ගුවන් තොටුපල ඒපන්, ගුවන් ගමන් පාලක මධ්යස්ථාන, එවැනි අවන්හල් සහ හල්, හා හදිසි සේවා ලෙස මගී පහසුකම් ස්ථාවර විය හැක.","[ 'ගලවන්න හා ඉඩම් ගුවන් ගමන් සඳහා පහසුකම් සහිත aerodome යනු කුමක්ද?', 'කුමක්ද එවැනි ධාවන පථය හෝ අංගන ලෙස අවම වශයෙන් එක්, පෘෂ්ඨය ඇතුළත් වී තිබෙන බව aerially ප්රවේශ විවෘත අවකාශයක් ද?', 'මත්තල ගුවන් තොටුපොළ යනු කුමක්ද?' , 'මොකක්ද පාලන කුළුණ අර්ථ දැක්වීම ද?', 'කුමක්ද විශාල පාලනය කුළුණු මොනවාද?', 'උපයෝගිතා ගොඩනැගිල්ල අවට ප්රදේශයේ උදාහරණයක් යනු කුමක්ද?', 'මත්තල ගුවන් තොටුපොළ ලෑස්ති ​​වී උදාහරණයක් යනු කුමක්ද?' ', 'අංගන අර්ථ දැක්වීම කුමක්ද?']","[[{ 'පෙළ' 'ගුවන් තොටුපොළ', 'answer_start': 3}], [{ 'පෙළ' 'ගොඩ ප්රදේශයේ', 'answer_start': 186}], [{ 'පෙළ' 'ගුවන් ගමන් සඳහා පහසුකම් සහිත අංගනය ලකුණු ලබා ගැනීමට හා ඉඩම් ',' answer_start ': 17}], [], [], [], [], []]"
"Kievan RUS 'ඔහුගේ පාලනය නොව්ගොරොද් දකුණු සිට Dnieper ගඟ නිම්නයේ දිගේ සඳහා ඇහුනෙ, වෙළඳ ඛසර් ආක්රමණ වලට සිට නැගෙනහිර දක්වා දීර්ඝ සහ වඩාත් ක්රමෝපායික කියෙව් ඔහුගේ අගනුවර පදිංචි වූ කුමරු ඔලෙග්, පාලනය (882-912) ආරම්භ වීමත් සමග. Sviatoslav මම (මිය 972) එම ඛසර් අධිරාජ්යය ට එරෙහිව යටත් යුද්ධයක් සටන්, Kievan RUS 'භෞමික පාලනය කිරීම පිළිබඳව පළමු ප්රධාන පුළුල් කිරීමට සමත් විය. මහා (980-1015) ව්ලැඩිමීර් තම බව්තීස්ම ක්රිස්තියානි හඳුන්වා දුන් අතර, ආඥාවෙන්, කීව් හා ඉන් ඔබ්බට සියලු වැසියන් බව. Kievan RUS 'Yaroslav මම (1019-1054) යටතේ එහි මටිටමට ළඟා; ඔහුගේ පුත්රයෝ ඔහුගේ මරණයෙන් ටික කලකට පසු, එහි පළමු ලිඛිත නීති කේත, RUS 'අධිකරණ රැස් හා නිකුත් කර ඇත.","[ 'Kievan RUS ක්රිස්තියානි ධර්මය හඳුන්වා කුමන පාලකයා?' 'මොන වසරේ Kievan RUS ප්රදේශයක් බවට පත් විය?', 'Kievan ක වලිනුත් දී පාලකයා කවුද?', 'Kievan පළමු ප්රධාන පුළුල් සාක්ෂාත් කවුද?', ' කුමක්ද Yaroslav පුතුන් කළේ Keivan RUS ඔහුගේ පාලන කාලය තුල සාක්ෂාත් කර? ',' ඔලෙග් කුමරු රජකමට කළ දේ අවුරුදු? ',' ඔලෙග් කුමරු ඔහුගේ පාලනය දීර්ඝ කළේ කුමන අවස්ථාවලදීද? ',' Kievan පළමු සුළු පුළුල් සාක්ෂාත් කවුද? ',' කුමන පාලකයා Kievan RUS ඉස්ලාමයට හඳුන්වා? ',' Yaroslav දියණියන් ඔහුගේ කාලය Keivan RUS තුළ සාක්ෂාත් කර මොනවාද? ']","[[{ 'පෙළ' '882', 'answer_start': 34}], [{ 'පෙළ' 'කුමරු ඔලෙග්', 'answer_start': 46}], [{ 'පෙළ' 'කියෙව්. Sviatoslav මම ',' answer_start ': 242}], [{' පෙළ '' මහා ව්ලැඩිමීර් ',' answer_start ': 397}], [{' පෙළ '' answer_start 'එහි පළමු ලිඛිත නීති සංග්රහය නිකුත්', ' : 629}], [], [], [], [], []]"
"සුපිරි නින්ටෙන්ඩෝ එන්ටර්ටේන්මන්ට් ([ඇ] සුපිරි NES [ආ] හෝ SNES නිල සංක්ෂිප්ත, සහ පොදුවේ සුපිරි නින්ටෙන්ඩෝ [D] කෙටි) නින්ටෙන්ඩෝ සමාගම විසින් නිර්මාණය කරන ලද 16-බිටු ගෙදර වීඩියෝ ක්රීඩා කොන්සෝලය ජපානයේ 1990 දී නිකුත් කරන ලදී බව වන අතර, දකුණු කොරියාව, 1991 උතුරු ඇමරිකාව, 1992 යුරෝපයේ සහ ඕස්ට්රේලියාව තුළ (ඕෂනියා) හා 1993 දකුණු ඇමරිකාවේ. කෙටි, හෝ, SFC (නිල එහි පූර්වගාමී පවුලේ පරිගණක පිළිබඳ සංක්ෂිප්ත නම සම්මත ?, Sūpā Famikon ජපන්: ス ー パ ー フ ァ ミ コ ン, Hepburn) ජපානයේ, පද්ධතිය විසින් සුපර් Famicom ලෙස හැඳින්වේ. දකුණු කොරියාවේ, එය සුපිරි Comboy (슈퍼 컴 보이 Syupeo Keomboi) ලෙස හැඳින්වෙන අතර Hyundai රථ ඉලෙක්ට්රොනික උපකරණ විසින් බෙදා හරින ලදී. එක් එක් අනුවාදය අත්යවශ්යයෙන්ම එකම වුවත්, ප්රාදේශීය වැළකුම ආකාර කිහිපයක් එකිනෙකා සමග අනුකූල වීම සිට විවිධ තොරතුරු වැළැක්වීම. එය, 1992 සැප්තැම්බර් මස 2 වන දින බ්රසීලයේ නිකුත් කරන ලදී Playtronic විසින්.","[ 'මේ SNES එක්සත් ජනපදයේ නිදහස් කරන ලද්දේ කවදාද?', 'කෝ SNES පළමු නිදහස්?', 'ජපානයේ SNES කුමක්ද හැඳින්වූ?', 'කුමක්ද දකුණු කොරියාවේ නම් SNES ද?', 'වූ විට ඕස්ට්රේලියාවේ නිදහස් SNES? ',' 1992 දී නිකුත් කරන ලදී බව දකුණු කොරියාව දියුණු වුණේ කොහොමද? ',' කුමක්ද Austrailasia කලාපීය වැඩ තහනම ආකාරයකි? ',' උතුරු ඇමරිකාවේ සුපිරි Comboy සඳහා තවත් නම කුමක් ද? ',' කුමක්ද මෙම Hepburn අර්ථ දැක්වීම 1990 දී බ්රසීලයේ නිදහස් ද? ',' 1990 දී බ්රසීලයේ සුපිරි Comboy සංවර්ධනය කුමක්ද සමාගම? ']","[[{ 'පෙළ' '1991', 'answer_start': 248}], [{ 'පෙළ' 'ජපානය සහ දකුණු කොරියාව', 'answer_start': 225}], [{ 'පෙළ': 'සුපර් Famicom' 'answer_start': 375}], [{ 'පෙළ': 'සුපර් Comboy', 'answer_start': 571}], [{ 'පෙළ' '1992', 'answer_start': 271}], [], [ ], [], [], []]"
"කෙසේ වෙතත්, සමහර උගතුන් යුගවල සිට-Euphratean භාෂාව හෝ එක් උපස්ථරයක් භාෂාව කිරීමේ අදහස ඉදිරිපත්. එය සුමේරියානු භාෂාව මුලින් දඩයක්කාරයෙක් මඩ වගුරු හා නැගෙනහිර අරාබියේ රැඳවීමට කලාපයේ ජීවත් වූ අරාබි bifacial සංස්කෘතියේ කොටසක් වූ ධීවර ජනයා, එම වූ බව, ඔවුන් සහ වෙනත් අය විසින් යෝජනා කර ඇත. විශ්වාසනීය ඓතිහාසික වාර්තා බොහෝ කලකට පසුව ආරම්භ; Enmebaragesi (ඇ. පූ 26 වන සියවස) පෙර දිනැති කර ඇති බව ඕනෑම ආකාරයක සුමර් තුළ කිසිවෙකු ඇත. එය අයිස් යුගයේ අවසානයේ දී ජලයෙන් යට පෙර සුමේරියන්වරුන්, නැගෙනහිර අරාබිය, අද, පර්සියානු ගල්ෆ් කලාපයේ වෙරළ තීරය දිගේ පදිංචි මහාචාර්ය ජූරිස් Zarins විශ්වාස කරයි.","[ 'දේ පමණක් එක් විය වී තිබෙන බව ඇතැම් විද්වතුන් තරගය?', 'කවුද ඇතැම් වියත්හු සුමේරියානු භාෂාව මුලින් අයත් හිතන්නේ?', 'මුල් සුමේරියන්වරුන් කොහේද ජීවත් වුණේ ඇයි?', 'සුමේරියානු කැඳවා කළ යුතු වන මහජන කුමක්ද සංස්කෘතිය ',' දී? කොටසක් ඇති සුමර් මුල්ම ඓතිහාසික වාර්තා? වූ විට? ',' සංචාරක ජනයා අතර ආරම්භ වී ඇති බවට විශ්වාස කෙරේ කුමක්ද භාෂාව? ',' අරාබියේ ගඟ කලාපයේ ජීවත් කුමක්ද ජනතාවගේ, ""රජ කවුද 2600 ගේ ක්රි.පූ? "",] 'සුමේරියන්වරුන් නවීන පර්සියාවේ ප්රදේශයේ ජීවත්? විශ්වාස කවුද'","[[{ 'පෙළ' 'උපස්ථරයක් භාෂාව', 'answer_start': 78}], [{ 'පෙළ' 'දඩයක්කාරයෙක් ධීවර ජනයා', 'answer_start': 194}], [{ 'පෙළ' 'මඩ වගුරු' 'answer_start': 238}], [{ 'පෙළ' 'අරාබි bifacial', 'answer_start': 309}], [{ 'පෙළ' '26 වන සියවස BC', 'answer_start': 462}], [] , [], [], []]"
"කලින් වසරේ දී එලිස් දූපත් ලෙස හඳුන්වන ටුවාලු (i / tuːvɑːluː / ද-VAH-loo හෝ / tuːvəluː / ද-රාළ සහ-loo), පැසිෆික් සාගරයේ, හවායි සහ ඕස්ට්රේලියාව අතර අයහපත් ආලෝක තත්ත්වය පිහිටි පොලිනීසියානු දිවයින ජාතියකි. එය ° ° පර දූපත් තුනක් සමන්විත, සැබෑ ජනරය හයක් 5 අක්ෂාංශ අතර පැතිර ° 176 10 ° දකුණු හා දේශාංශ සඳහා 180 දක්වා, ජාත්යන්තර දිනය ලයින් බටහිර. එහි ආසන්නතම අසල්වාසීන් කිරිබටි, නාඋරු, සැමෝවා සහ ෆීජි වේ. ටුවාලු 10,640 (2012 සංගණනය) ක ජනගහනයක් ඇත. ටුවාලු දූපත් මුළු භූමි ප්රමාණය වර්ග කිලෝ මීටර් 26 (10 වර්ග සැත) වේ.","[ 'කුමක්ද ටුවාලු යන පෙර නම ද?', 'වන සාගර දී ටුවාලු හමු වී ඇත?', 'කුමන භූමියක ප්රදේශ අතර ටුවාලු පිහිටා ඇත?', 'ද 2012 ජන සංගණනය මෙම ටුවාලු දූපත්වල ජීවත් වන ආකාරය බොහෝ පුද්ගලයන් අනුව?' , 'මොකක්ද මුලින් පිහිටුවන ලද ටුවාලු දූපත්වල?']","[[{ 'පෙළ' 'එලිස් දූපත්', 'answer_start': 84}], [{ 'පෙළ' 'පැසිෆික් සාගරය', 'answer_start': 145}], [{ 'පෙළ' 'හවායි හා ඕස්ට්රේලියාව' 'answer_start': 175}], [{ 'පෙළ': '10, 640 ',' answer_start ': 455}], [{' පෙළ '' පර ',' answer_start ': 216}]]"
"මෙම නිර්මල පිළිසිදගැනීම ඇති අර්ථ ධර්ම පාඨයක් පමණක් මුල් පාපය සම්බන්ධයෙන් මරියා ඕනෑම පැල්ලමක් (ලතින්, macula හෝ labes දී, විධිමත් අර්ථ දැක්වීම සඳහා භාවිතා වන එකක් මෙම නිරන්තර නව්යකරණය වචන දෙකක් දෙවන) සිට, කල් තබා ගන්නා බවද ඒ මහතා කියා සිටියේය. රෝමානු කතෝලික ධර්ම පාඨයක් රාජ්යයන් "", සියලු බලැති දෙවියන් වහන්සේ විසින් ලබා දී ඇති අසහාය කරුණාව හා වරප්රසාද විසින්, කරන ප්රකාශ යේසුස් ක්රිස්තුස්, මානව වර්ගයාගේ ගැලවුම්කරුවා වන හොඳක් දැක්ම ඇගේ සංකල්පය පළමු අවස්ථාවේ දී, බොහෝ කන්ය මරිය බව මුල් පාපය සියලු පැල්ලම් නිදහස්, කල් තබා ගන්නා. "" ඒ නිසා, මුල් පාපය සිට සෑම විටම නිදහස් වීම, ඒ ඉගැන්වීම ඇගේ සංකල්පය මරියා සාමාන්යයෙන් උපතින් පසුව බව්තීස්ම එන බව ශුද්ධව කරුණාව ලැබී බවයි.","[ 'මරියා මෙය සිදුවීම වලක්වා ඇති විශ්වාස කරන ලදී කවුද?', 'මොනවාද?' වැළැක්වීමට නොහොත් නිරූපණය වන මෙම නිර්මල පිළිසිදගැනීම වේ '' මරියා විඳදරාගැනීමට සහිත වලක්වනු කළේ කුමක්ද? '', '' කුමක් වැළැක්වීම ප්රතිඵලය විය එවැනි අසාධාරණයක් විඳදරාගැනීමට සහිත මරියා? ',' සාමාන්යයෙන් මරියා ඇති කාල සීමාව තුළ කාන්තාවක් මගින් ළමා ප්රසූතියට අනුගමනය කුමක්ද? ',' ද සුදෝ පිළිසිඳ ඉගැන්වීම විග්රහ විසින් සලකනු දේවල් එක් යනු කුමක් ද? ',' කුමක්ද සහිත සිට කතෝලික පල්ලිය ප්රවණතාව වළක්වා මරියා නේද? ',' මරියා බව්තීස්ම මොනවද කළේ කෙසේද? ']","[[{ 'පෙළ' 'මුල් පාපය පමණක්', 'answer_start': 55}], [{ 'පෙළ': 'answer_start' 'මරියා ඕනෑම පැල්ලමක් සිට (ලතින්, macula හෝ labes තුළ ආරක්ෂා විය': 86}] , [{ 'පෙළ' 'සියලු බලැති දෙවියන් වහන්සේ විසින් ලබා දී ඇති වරප්රසාදය, යේසුස් ක්රිස්තුස් වහන්සේ, මිනිස් වර්ගයාගේ ගැලවුම්කරුවා හුරුවට නිමිත්තෙන්, සියලු පැල්ලම් නිදහස්, කල් තබා ගන්නා ලදී', 'answer_start': 379}], [{ 'පෙළ '' ක්රිස්තුස් වහන්සේ, මිනිස් වර්ගයාගේ ගැලවුම්කරුවා, මුල් පාපය සියලු පැල්ලම් නිදහස්, කල් තබා ගන්නා ලදී "" ',' answer_start. ': 439}], [{' පෙළ '' සාමාන්යයෙන් පසු බව්තීස්ම එන බව කරුණාවෙන් ශුද්ධ උපත ',' answer_start ':. 648}], [], [], []]"
"නැමීබියාව ප්රාථමික සහ ද්විතීයික අධ්යාපනය මට්ටම් දෙකම සඳහා නිදහස් අධ්යාපනය. ශ්රේණි 1-7 ප්රාථමික මට්ටම, ශ්රේණි 8-12 ද්විතියික වේ. 1998 දී, හා ප්රාථමික පාසල් නැමීබියානු සිසුන් 400.325 ද්විතීයික පාසල් සිසුන් 115.237 කි. දළ ජාතික නිෂ්පාදිතයෙන් 8% ක පමණ අධ්යාපනය සඳහා වැය කරමින් සමග: 1, 1999 දී සිසුවකු-ගුරු අනුපාතය 32 ක් ලෙස තක්සේරු කරන ලදී. විෂයමාලා සංවර්ධනය, අධ්යාපන පර්යේෂණ, හා ගුරු වෘත්තීය සංවර්ධනය මධ්යගතව Okahandja දී අධ්යාපන සංවර්ධනය සඳහා වන ජාතික ආයතනය (NIED) විසින් සංවිධානය කර ඇත.","[ 'කුමක්ද නැමීබියාවේ ප්රාථමික හා ද්විතීයික අධ්යාපනය සඳහා යන පිරිවැය ද?', 'සත්ව සිසුන් කොපමණ 1998 දී ප්රාථමික පාසල් වාර්තා වී? ',' සත්ව සිසුන් ද්විතීයික පාසල් 1998 දී වාර්තා විය කීයක්? ',' කුමක්ද 1999 දී නැමීබියාව තුළ සිසුවකු-ගුරු අනුපාතය ද? ',' කුමක්ද නැම්බියාව විෂය මාලාව මෙන්ම වෙනත් අධ්යාපනික සම්පත් වර්ධනය? ',' කුමක්ද ' ""කොපමණ නැම්බියාව දළ ජාතික නිෂ්පාදිතයෙන් ආරක්ෂක වැය වන්නේ?"",' නැම්බියාව අගනුවර ද? ',' ගුරු කීයක් ප්රාථමික හා ද්විතීයික පාසල් නැමීබියාවේ තිබේද? 2000 දී සිසුවකු-ගුරු අනුපාතය කුමක්ද? '', 'Okahandja ජනගහනය යනු කුමක්ද?']","[[{ 'පෙළ' 'නිදහස්', 'answer_start': 12}], [{ 'පෙළ' '400.325', 'answer_start': 149}], [{ 'පෙළ' '115.237', 'answer_start' : 197}], [{ 'පෙළ': '32: 1 ',' answer_start ': 285}], [{' පෙළ '' අධ්යාපන සංවර්ධනය සඳහා ජාතික ආයතනය ',' answer_start ': 459}], [], [], [], [], []]"
"රුසියානු (русский язык, russkiy yazyk, විශද [ruskʲɪj jɪzɨk] (සවන්)) නැගෙනහිර ස්ලාව් ජාතික භාෂා හා රුසියාව, බෙලරුස්, කසකස්තානය, කිරිගිස්තාන් සහ බොහෝ සුළු හෝ හඳුනා නොගත් ප්රදේශවල නිල භාෂාව වේ. එය යුක්රේනයේ නිල නොවන නමුත් බහුලව භාෂාව කථා, ලැට්වියාව, එස්ටෝනියාව, සහ අඩු තාක් දුරට, සෝවියට් සංගමය හා නැගෙනහිර යුරෝපීය කඳවුර හෝ හිටපු සහභාගී සංඝටක සමූහාන්ඩු වරක් බව අනෙක් රටවල් වේ. රුසියානු ඉන්දු-යුරෝපීය භාෂා පවුල අයත් නැගෙනහිර ස්ලාවික් භාෂා ජීවමාන සාමාජිකයන් තුනෙන් එකකි. පරණ නැගෙනහිර Slavonic ලියා උදාහරණ සිට 10 වන සියවස දක්වා සහතික කරනු ලැබේ.","[ 'කුමක්ද භාෂාව උප පවුලේ රුසියානු ද?', 'කෝ රුසියානු නිල භාෂාව ද?', 'කෝ රුසියානු ජනප්රිය නමුත් නිල භාෂාව ද?', 'කීයක් ජීවන නැගෙනහිර ස්ලාවික් භාෂා එහි? වේ', 'විට පරණ නැගෙනහිර Slavonic දී මුල්ම ලිඛිත ',' කුමක් රටවල යුක්රේන නිල කථා යුක්රේනියානු ද පුළුල් ලෙස නිල වශයෙන් කතා, නමුත් කොහෙද ද? ',' මොන වගේ භාෂාව Ukranian ද?? ','? ',' කරන්නේ පවුලේ කුමක්ද යුක්රේන ප්රථම නිල ලිඛිත විට අයත් යුක්රේනියානු? ','? ']","[[{ 'පෙළ' 'නැගෙනහිර ස්ලාව් ජාතික', 'answer_start': 86}], [{ 'පෙළ' 'රුසියාව, බෙලරුස්, කසකස්තානය, කිරිගිස්තාන් සහ බොහෝ සුළු හෝ හඳුනා නොගත් ප්රදේශයන්', 'answer_start': 135}], [{ 'පෙළ' 'යුක්රේනය, ලැට්වියාව, එස්ටෝනියාව', 'answer_start': 269}], [{ 'පෙළ' 'තුන්', 'answer_start': 516}], [{ 'පෙළ' '10 වන සියවස' 'answer_start': 627}], [], [], [], [], []]"
"එක්සත් ජනපදයේ ගුවන් හමුදාව (USAF) එක්සත් ජනපදය, සන්නද්ධ හමුදාවල ගුවන් යුද්ධයක් සේවා ශාඛා හා ඇමරිකානු නිල ඇඳුමෙන් සැරසුණු සේවා හතක් එකකි. එක්සත් ජනපදයේ යුද හමුදාවේ මුලින් කොටසක්, මෙහෙයුම් භාරව 1947 ජාතික ආරක්ෂක පනත යටතේ 1947 සැප්තැම්බර් මස 18 වන දින යුද හමුදාව වෙනම ශාඛා වශයෙන් පිහිටුවන ලදි එය පිහිටුවා ගත කිරීමට ද එක්සත් ජනපද හමුදාවට වඩාත් මෑත ශාඛා වන අතර, විශාලතම හා ලෝකයේ වඩාත් නවීන තාක්ෂණයෙන් හෙබි ගුවන් හමුදා එකක්. බලකායද න්යෂ්ටික වැලකී මෙහෙයුම්, විශේෂ මෙහෙයුම්, ගුවන් විශිෂ්ඨ, ගෝලීය ඒකාබද්ධ ISR, අභ්යවකාශ විශිෂ්ඨ, අණ හා පාලනය, සයිබර් අවකාශයේ විශිෂ්ඨ, පිරිස් කළමණාකරණය, ගෝලීය නිරවද්යතාව ප්රහාරක, ගොඩනැගිලි හවුල් ව්යාපෘති වේගවත් ගෝලීය සංචල හා Agile සටන් සහාය ලෙස එහි පධාන කාර්යයන් මැනවින් ආමන්ත්රනය.","[ 'මෙහෙයුම් භාරව කුමක්ද?', 'කීයක් නිල ඇඳුමෙන් සැරසුණු සේවා එක්සත් ජනපදයේ පවතින?', 'එක්සත් ජනපද යුද හමුදාවේ මෙහෙයුම් භාරව භේදය කළේ කවදාද?', 'මෙහෙයුම් භාරව පිහිටුවා පනත කුමක්ද?', 'එක් කුමක්ද මෙහෙයුම් භාරව කාර්යයන්? ']","[[{ 'පෙළ': 'answer_start' 'එක්සත් ජනපදය, සන්නද්ධ හමුදාවල ගුවන් යුද්ධයක් සේවා ශාඛාව': 38}], [{ 'පෙළ' 'සත්', 'answer_start': 121}], [{ ' පෙළ ': '18 සැප්තැම්බර් 1947', 'answer_start': 258}], [{ 'පෙළ' '1947 ජාතික ආරක්ෂක පනත', 'answer_start': 286}], [{ 'පෙළ' 'න්යෂ්ටික වැලකී මෙහෙයුම්' 'answer_start': 508}]]"
"LED මඟින් මෑත වර්ධනයන් පාරිසරික හා කාර්ය සාධක ආලෝකකරණය භාවිතා කළ සේවය කිරීමට ඉඩ. LED මඟින් අඩු ශක්ති පරිභෝජනය, දිගු කල්පැවැත්ම, වැඩි දියුණු කරන භෞතික ශක්තිය, කුඩා ප්රමාණය, සහ, වේගවත් මාරු ඇතුළු තාපදීප්ත විදුලි ආරංචි මාර්ග වැඩි බොහෝ වාසි ඇත. ආලෝක විමෝචක දියෝඩ දැන් ගුවන් සේවා ආලෝකකරණය, වාහන headlamps, වෙළඳ දැන්වීම්, සාමාන්ය ආලෝකකරණය, රථවාහන සංඥා, කැමරා කාන්තිය, දැල්වෙන ෙවෝල් ෙප්පර් ලෙස විවිධ ලෙස අයදුම්පත් තුළ භාවිතා වේ. 2015 [update] වන විට, කාමර ආලෝකකරණය සඳහා LED මඟින් බලවත් තරම් ඊට වඩා තරමක් මිල අධික සිටින අතර සංසන්දනාත්මක නිමැවුම් සංයුක්ත ප්රතිදීප්ත පහන් ආරංචි මාර්ග වැඩි නිශ්චිත වත්මන් සහ තාපය කළමනාකරණය, අවශ්ය වේ.","[ 'වායුගෝලය කුමන ආකාරයේ LED හැකි ආලෝක භාවිතා කළ?', 'කුමක්ද සාමාන්ය ආලෝක ප්රභව කට LED ආලෝකකරණයේ භාවිතා වාසියක් ද?', 'මොකක්ද? ස්ථාවරය LED ​​නැත', 'ඇයි සමහර අය LED ​​ආලෝකකරණයේ භාවිතා කිරීමට පසුබට වේ ? ',' LED ආලෝකකරණයේ සඳහා ජනප්රිය භාවිතය ද? මොකක්ද, ""වායුගෝලයේ කුමන ආකාරයේ LED නොහැකි ආලෝකය භාවිතා කළ?"", 'මොකක්ද සාමාන්ය ආලෝක ප්රභව පුරා නොවන LED ආලෝකකරණයේ භාවිතා වාසියක් ද?', ' කුමක් සඳහා LEED ස්ථාවරය කරන්නේ? ', ""ඒ ඇයි සමහර අය LED ​​ආලෝකකරණයේ භාවිතා කිරීමට පසුබට ද?"",' නොවන LED දැල්වීම සඳහා ජනප්රිය භාවිතය යනු කුමක්ද? ']","[[{ 'පෙළ' 'පාරිසරික', 'answer_start': 54}], [{ 'පෙළ' 'දිගු කල්පැවැත්ම', 'answer_start': 181}], [{ 'පෙළ' 'ආලෝක විමෝචක දියෝඩ' 'answer_start': 264}], [{ 'පෙළ' 'වඩා මිල අධික', 'answer_start': 531}], [{ 'පෙළ' 'වාහන තදබදය සංඥා', 'answer_start': 401}], [], [], [], [], []]"
"""මහත් බලය"" යන වචනය මුලින්ම පශ්චාත් නැපෝලියානු යුගය තුළ යුරෝපයේ වඩාත්ම වැදගත් බලවතුන් නියෝජනය කිරීම සඳහා භාවිතා කරන ලදී. ""මහා බලතල"" ""යුරෝපයේ ප්රසංගය 'නියෝජනය සහ පශ්චාත් යුද කාලීන ගිවිසුම් ඒකාබද්ධ ක්රියාත්මක කිරීමේ අයිතිය ඇත. කුඩා බලතල සහ මහා බලවතුන් අතර අංශය විධිමත් කිරීම එතැන් පටන් 1814. දී Chaumont ගිවිසුම අත්සන් සමග ගැන පැමිණ, බලය ජාත්යන්තර ඉතිරි බොහෝ අවස්ථාවල, බොහෝ නාටකාකාර ලෙස ලෝක යුද්ධය, II වන ලෝක යුද්ධයේ දී මාරු කර ඇත. සමහර ජාතීන් පුළුල් ලෙස මහ බලවතුන් බව සැලකේ අතර, ඔවුන් කිසිදු නිශ්චිත ලැයිස්තුව නැත. සාහිත්යය, මහා බලය සඳහා විකල්ප යෙදුම් බොහෝ විට ලෝක බලය හෝ ප්රධාන විදුලි, නමුත් මෙම කොන්දේසි ද සුපිරි බලවතා සමග හුවමාරු කර ගත හැකි ගත හැක.","[ 'පළමු මහා බලවතුන්ගේ හිටි ද? පශ්චාත් නැපෝලියානු යුගය තුළ,' 'කුමක් කුඩා බලතල සහ මහා බලවතුන්ගේ අංශය විධිමත් කිරීම ද?', '2 යුද්ධ වඩාත් විශ්මයජනක බලය මාරුව තුලනය දේ තුළ?', 'මහා විදුලිබල සඳහා තවත් කාලීන යනු කුමක්ද?', 'ඇයි පළමු භාවිතා කරන කාලීන විධිමත් කිරීම සහ බෙදීම ද? ',' බලය ජාත්යන්තර ශේෂ නිල වශයෙන් කුඩා හා මහ බලවතුන් අතර බෙදීම නිර්මාණය ද? ',' අත්සන් බලතල නිශ්චිත ලැයිස්තුව දේ වසරේ දී? ',' පශ්චාත් නැපෝලියානු යුගය බල තුලනය නාටකාකාර ලෙස මාරු කර ඇති ද? '', 'බලය ජාත්යන්තර ශේෂ වෙනුවට භාවිතා තවත් ධූර යනු කුමක්ද?']","[[{ 'පෙළ' 'Chaumont ගිවිසුම', 'answer_start': 349}], [{ 'පෙළ' 'යුරෝපයේ', 'answer_start': 166}], [{ 'පෙළ' 'ලෝක මහා සංග්රාමය හා දෙවන ලෝක යුද්ධය ',' answer_start ': 477}], [{' පෙළ '' සුපිරි බලවතා ',' answer_start ': 741}], [], [], [], [], []]"
"පක්ෂීන් (Aves) පිහාටු මගින් සංලක්ෂිත තාප අවශෝෂක පෘෂ්ඨවංශීන් පිරිසක්, වන අතර, දත් නැති අවදියක රාජ්ය, දෘඪ-ෂෙල් වෙඩි ප්රහාර එල්ල බිත්තර තැබීමේ, beaked ඉහළ පරිවෘත්තීය අනුපාතය, සිව් chambered හදවත, සහ සැහැල්ලු නමුත් ශක්තිමත් ඇටසැකිල්ලක්. 5 සෙ.මී. මී hummingbird (2) සිට මීටර් 2.75 ක් (අඩි 9) පැස්බරා කිරීමට පක්ෂීන් ප්රමාණයෙන් සජීවී ලොව පුරා හා පරාසය. ඔවුන් බොහෝ ජීවන විශේෂ සමග tetrapods පන්ති ලෙස නිලය, ආසන්න වශයෙන් දස දහසක් දී, තවත් මේ වීම passerines, සමහර විට songbirds ලෙස, අඩු නිවැරදිව කුරුල්ලන් perching හෝ, ලෙස හඳුන්වන හරි අඩකට වඩා සමඟ.","[ 'කුමක්ද තාප අවශෝෂක පෘෂ්ඨවංශීන් පිරිසක් පිහාටු ලක්ෂණ වන්නේ, නාකි හනු beaked?', 'කුමක්ද කුඩාම පක්ෂි ද?', 'කුමක්ද විශාලතම කුරුල්ලා ද?', 'කුඩාම පක්ෂි ප්රමාණය කුමක්ද?', ' විශාලතම කුරුල්ලා ප්රමාණය කුමක්ද? ']","[[{ 'පෙළ' 'පක්ෂීන්', 'answer_start': 0}], [{ 'පෙළ' 'මී මැසි hummingbird', 'answer_start': 282}], [{ 'පෙළ' 'පැස්බර', 'answer_start ': 319}], [{' පෙළ '' 5 සෙ.මී. ',' answer_start (2) ': 270}], [{' පෙළ '' 2.75 m (අඩි 9) ',' answer_start ': 305} ]]"
"කුයීන් (චීන: 清朝; පින්යින්: Qīng Cháo; වේඩ්-Giles: Ch'ing Ch'ao; IPA: [tɕʰíŋ tʂʰɑ̌ʊ̯]), නිල වශයෙන් මහා Qing (චීන: 大 清; පින්යින්: da Qīng), ද කැඳවා මහා Qing අධිරාජ්යය, හෝ Manchu රාජ වංශය, චීනය අවසන් අධිරාජ්ය රාජ වංශය, අසාර්ථක යළි 1917 දී එය මින්ග් රාජවංශය විසින් පෙර සහ චීන ජනරජයේ පත් විය විය කෙටි සමග 1644 සිට 1912 දක්වා පාලක. වූ Qiug බහු-සංස්කෘතික අධිරාජ්යය තුනකට ආසන්න සියවස් පැවති අතර නූතන චීන රාජ්ය සඳහා භෞමික පදනම පිහිටුවා ගත්හ.","[ '' එම Manchu පෙර පාලනය කළ රාජ වංශය? මොකක්ද '' යි Manchu රාජවංශයට භාර ගත්තේ කුමක්ද රජය? ', තවත් කුමක්ද' යන Manchu රාජ වංශය පාලනය කළේ කවදාද? '' '' කුමක්ද පසුගිය චීන රජ පෙළපත ද? '', මෙම Manchu රාජවංශය සඳහා නම? ']","[[{ 'පෙළ' 'මහා Qing, හෝ Manchu රාජ වංශය', 'answer_start': 187}], [{ 'පෙළ' '1644 1912 දක්වා', 'answer_start': 274}], [{ 'පෙළ' : '' මිං ',' answer_start ': 354}], [{' පෙළ '' චීන සමූහාණ්ඩුව ',' answer_start ': 388}], [{' පෙළ '' Qing ',' answer_start ': 4}] ]"
"ඇමරිකාව ස්වදේශික ජනතාවට ඇමරිකාව පෙර කොළොම්බියානු වැසියන්ගේ පැවත එන්නන්. Pueblos indígenas (දේශීය ජනතාව) ස්පාඤ්ඤ භාෂාව කතා කරන රටවල පොදු කාලීන වේ. ""Amerindian"" ක්විබෙක්, මෙම Guianas, සහ ඉංග්රීසි භාෂාව කතා කරන කැරිබියානු භාවිතා වේ බැවින්ද Aborigen (ආදිවාසී / දේශීය), ආර්ජන්ටිනාව භාවිතා වේ. දේශීය ජනතාව පොදුවේ පළමු ජාතීන්ගේ සංවිධානය, උප්පත්තියෙන්ම, සහ Métis ජනයා ඇතුළත් ආදි වාසී ජනයා ලෙස කැනඩාවේ හඳුන්වනු ලැබේ. එක්සත් ජනපදයේ දේශීය ජනතාව පොදුවේ ස්වදේශීය ඇමරිකානුවන් හෝ ඇමරිකානු ඉන්දියානුවන් හා ඇලස්කාව ස්වදේශිකයන් ලෙස හඳුන්වනු ලැබේ.","[ 'ඇමරිකාව ආදිවාසීන් පැවත කවුද?', 'කතා කරන ස්වදේශික ජන සඳහා රටවල් ස්පාඤ්ඤ පොදු කාලීන යනු කුමක්ද?', 'කුමක්ද කාලීන ආර්ජන්ටිනාවේ මහද්වීපයක් මුල් ජනතා හැඳින්වීම සඳහා ද යොදා ගනී?' 'දී ක්විබෙක්, මෙම Guianas හා ස්ථාන ඉංග්රීසි කතා කරන කැරිබියානු, කුමක් ඇමරිකාව, දේශීය ජනතාව සඳහා වඩාත් කැමති කාලීන ද?', 'කොහොමද වඩාත් සුලබ එක්සත් ජනපද පුරවැසියන් විසින් සඳහන් ආදිවාසීන් ද?']","[[{ 'පෙළ' 'ඇමරිකාව කලින් කොළොම්බියානු වැසියන්', 'answer_start': 66}], [{ 'පෙළ' 'Pueblos indígenas', 'answer_start': 109}], [{ 'පෙළ': 'Aborigen', 'answer_start': 196}], [{ 'පෙළ' 'Amerindian', 'answer_start': 256}], [{ 'පෙළ' 'ඇමෙරිකානු ජාතිකයන්', 'answer_start': 524}]]"
"රතු තැඹිලි හා ප්රතිවිරුද්ධ දම් ආලෝකය ඊළඟ දෘශ්යමාන වර්ණාවලිය අවසානයේ පාට. රතු වර්ණ දළ වශයෙන් 620-740 නැනෝමීටර ක අතිප්රමුඛ ආලෝකය තරංග ආයාමය ඇත. රතු දෘෂ්ය ආලෝකය ආකලන ප්රාථමික වර්ණ රතු, කොළ, නිල් (RGB) වර්ණ පද්ධති සඳහා පරිගණක තිරය හෝ රූපවාහිනී තිරය මත ඇති සියලුම වර්ණ නිර්මාණය කිරීමට ඒකාබද්ධ කරන කොළ වර්ණ සහ නිල් සමග එක් වේ. රතු ද subtractive ප්රාථමික වර්ණ එක්, කහ සහ නිල් සමග, චිත්ර ශිල්පීන් සහ කලාකරුවන් විසින් භාවිතා කරන RYB වර්ණ අවකාශය සහ සාම්ප්රදායික වර්ණ රෝද වේ.","[, 'මොකක්ද වර්ණ අසල දෘශ්ය වර්ණාවලියේ රතු ඇත' රතු සොයාගෙන ද? කොහේද, ආලෝකය වර්ණාවලියේ මත, '' ආලෝකය කුමක්ද වර්ණාවලිය තුළ රතු? ',' රතු ප්රතිවිරුද්ධ දෘශ්ය වර්ණාවලියේ මත කොයි වර්ණ? ', ආලෝකය? ක ',' රතු, කහ හා නිල් වර්ණ ආකාරයේ මොනවාද? ',' පාට ප්රතිවිරුද්ධ තැඹිලි හා දෘශ්ය ආලෝකය වර්ණාවලිය මත දම් ඊළඟ යනු කුමක්ද? ',' නැනෝමීටර 640-720 ක අතිප්රමුඛ ආලෝකය තරංග ආයාමය ඇත්තේ කුමන ? ',' කුමක්ද RBG වෙනුවෙන් පෙනී කරන්නේ කුමක්ද? ']","[[{ 'පෙළ' 'දෘශ්ය ආලෝකය', 'answer_start': 47}], [{ 'පෙළ' 'වයලට්', 'answer_start': 89}], [{ 'පෙළ' '620-740 නැනෝමීටර' 'answer_start': 153}], [{ 'පෙළ' 'තැඹිලි', 'answer_start': 69}], [{ 'පෙළ' 'subtractive ප්රාථමික වර්ණ', 'answer_start': 409}], [], [], []]"
"ඊජිප්තුවේ, (i / iːdʒɪpt /; අරාබි: مصر මිස්ර්, ඊජිප්තු අරාබි: مصر Maṣr, කොප්ටික්: Ⲭⲏⲙⲓ Khemi), ඊජිප්තුවේ නිල වශයෙන් අරාබි ජනරජය, අප්රිකාවේ ඊසාන කෙළවරේ ඇදී යන transcontinental රට වන අතර, ආසියාවේ නිරිත දිග කෙළවරෙහි, හරහා සීනායි අර්ධද්වීපය විසින් පිහිටුවන භූමි පාලමක්. එය ලෝකයේ පමණක් යාබදව Eurafrasian ජාතියකි. වර්ග කිලෝමීටර 1,010,408 (වර්ග සැතපුම් .390,000) නයිල් නිම්නය තුළ බොරු ඊජිප්තුවේ භූමිය බොහෝ. ඊජිප්තුවේ මධ්යධරනී රටක්. එය ගාසා තීරයේ හා ඊශ්රායලය විසින් ඊසාන Aqaba බොක්කේ නැගෙනහිර රතු මුහුද නැගෙනහිර සහ දකුණු බටහිරින් දකුණු සහ ලිබියාව මායිම්,,, සුඩානය.","[ 'කුමක්ද මහද්වීප 2 ඊජිප්තුව හමුවීමට?' 'ආසියානු හා අප්රිකාව අතර කුමක්ද භූමි පාලමක්?', 'කොහොමද විශාල ඊජිප්තුවේ ද?', 'මුහුද, නැගෙනහිරින් ඊජිප්තුවට මායිම් කුමක්ද?', 'රටට දකුණු ඊජිප්තුවේ මායිම්? ']","[[{ 'පෙළ' 'අප්රිකාවේ සහ ආසියාවේ නිරිත දිග කෙළවරෙහි', 'answer_start': 191}], [{ 'පෙළ' 'සීනායි අර්ධද්වීපයේ', 'answer_start': 260}], [{ 'පෙළ' ' වර්ග කිලෝමීටර 1.010.408 ',' answer_start ': 360}], [{' පෙළ '' රතු මුහුද ',' answer_start ': 564}], [{' පෙළ '' සුඩානය ',' answer_start ': 595}]]"
"විචිත්ර 3 වන සහස්රයේ දී මෙසපොතේමියාවේ ආරම්භ දිගු ඉතිහාසයක් ඇත. ගල් කැටයක් මොසායික් Mycenean ග්රීසියේ Tiryns සිදු වූ බවත්; රටා සහ පින්තූර සමග මොසායික් පුරාණ ග්රීසියේ හා පැරණි රෝමයේ දෙකම, සම්භාව්ය කාලයේ පැතිර බවට පත් විය. 4 වන සියවසේ සිට මුල් කිතුනු බැසිලිකා සිට බිත්ති සහ සිවිලිම මොසායික් සරසා ඇත. 6 වන සිට 15 වන සියවස දක්වා, බයිසන්ටයින් අධිරාජ්යයේ විචිත්ර කලා මල් පල දැරීමක්; බව සම්ප්රදාය 12 වන සියවසේ දී, නැගෙනහිර-බලපෑම් වැනීසිය විසින්, සහ යුක්රේනයේ RUS අතර සිසිලි දී නෝමන් රාජ්යය විසින් සම්මත කර ගන්නා ලදී. රෆායෙල් වැනි කලාකරුවන් දිගටම පැරණි තාක්ෂණය පුහුණු වීමට වුවද විචිත්ර සිදු විලාසිතා, ඉන්පසු කාලවලදී පහත වැටී ඇත. රෝමානු සහ බයිසන්ටයින් බලපෑම යුදෙව්වන් මහලේ මොසායික් සමග මැද පෙරදිග 5 වන සහ 6 වන සියවසේ ධර්මශාලාවල සැරසීම සඳහා හේතු විය.","[ 'මෝසෙස්ගේ කුමක්ද සහස්රයේ ආරම්භ කළේ?', 'වගේ විචිත්ර මොන Tiryns සිදු කරනු ලැබ ඇත?', 'රෝම හැර යුදෙව් ජනතාව විසින් බලපෑම් ලැබුණේ කෙසේද කවුද?', 'ද නෝමන් දේ ඉතාලි නගරය රාජ්ය kingdomwas?', ' විට විලාසිතා විචිත්ර වැටීම සිදු වුණේ කොහොමද? ']","[[{ 'පෙළ' '3 වන සහස්රයේ', 'answer_start': 54}], [{ 'පෙළ' 'Pebble මොසායික්', 'answer_start': 77}], [{ 'පෙළ' 'බයිසන්ටයින්' 'answer_start': 695}], [{ 'පෙළ' '' සිසිලිය '', 'answer_start': 481}], [{ 'පෙළ' 'මෙම පුනරුද', 'answer_start': 599}]]"
"මුල් ලතින් වචනය ""universitas"" ""ආදිය, එකම ශරීරයට සම්බන්ධ පුද්ගලයන් ගණනාවක් ඇති සමාජයක, සමාගම, ප්රජාව, සංසඳය, සංස්ථා,"" පොදුවේ සඳහන් නාගරික නගරයේ ජීවිතය ඉස්මතු හා මධ්යතන වීමක් තිබිණි එම අවස්ථාවේ දී, ""ඔවුන් පිහිටා කරන ලද නගර සාමාන්යයෙන් අධිපතීන් විසින් නිකුත් කුලී විසින් සහතික සාමූහික නීතිමය අයිතිවාසිකම් සමඟ සිසුන් සහ ගුරුවරුන් සමිති, සමාගම්, හිමිවරුන්, හෝ"" විශේෂඥ මෙම විසින් දරනු ඇත පැමිණි පොදු යෙදුම. වෙනත් වීමක් තිබිණි මෙන්, ඔවුන් ස්වයං-නියාමන වූ අතර ඔවුන්ගේ සාමාජිකයන් සුදුසුකම් තීරණය.","[ 'භාෂාව සිට Universitas ආවේ කෙසේද?' '' 'කරුණු දෙකක් වචනය universitas පවතින බවට පත් කිරීමට ආරම්භ කළේ කුමක්ද? මුලදී පමණ', 'මොන universitas සමාන වීමක් තිබිණි සමග පොදු සිදු වුණේ ඇයි?', 'පුද්ගලයින් සාමාන්යයෙන් කුලී අනුමත කුමන universitas සඳහා ද? ',' කුමක්ද විශ්ව විද්යාල සඳහා කර ඇති මුල් ග්රීක් වචනය ද? ',' කුමක්ද වීමක් තිබිණි කිරීමට කුලී නිකුත් කවුද භූසියේ වැඩ ""universitas"" අදහස්? ',' කරන්නේ? ',' කොහොමද වීමක් විශ්ව විද්යාල වෙනස් වුණේ කොහොමද? ',' භාෂාව දේවල් දෙකක් පවතින බවට පත් කිරීමට යන වචනය ඉස්මතු ආරම්භ කළ දේ මුලදී පමණ ""ඉස්මතු"" ආවේ කොහෙන්ද? ',' කරන්නේ? ',' මොන ඉස්මතු පොදු සමාන වීමක් තිබිණි සමග පුද්ගලයින් සාමාන්යයෙන් අනුමත කුමන සිදු වුණේ ඇයි? ',' ජෙනරාල්වරු සඳහා කුලී? ',' කුලී විසින් කුමක් සහතික නැත? ']","[[{ 'පෙළ' 'ලතින්', 'answer_start': 13}], [{ 'පෙළ' 'නාගරික නගරයේ ජීවිතය සහ මධ්යතන යුගයේ වීමක් තිබිණි', 'answer_start': 195}], [{ 'පෙළ' 'ඔවුන් '' අධිපතීන්, නා හිමිවරුන් බැහැ ',' answer_start ': 353}], [], [], [], [], [], [: ස්වයං නියාමන', 'answer_start විය පෙළ' [{477}] ' ], [], [], []]"
"පොදු ආගමේ priesthoods ප්රභූව පන්ති සාමාජිකයන් විසින් පවත්වන ලදී. පැරණි රෝමයේ පල්ලිය හා රාජ්යය වෙන් කිරීමට කිසිදු ප්රතිපත්තියක් ප්රතිසම ඇති විය. රෝම ජනරජය (ක්රි.පූ 509-27) තුළ, රජයේ නිලධාරීන්, ද යහපැවැත්මට හා pontiffs ලෙස සේවය පිණිස තේරී පත් වූ එකම පිරිමි. පූජකවරු, විවාහ පවුල් මතු, සහ දේශපාලන ක්රියාකාරී ජීවිත විය. ඔහු කොන්සල් තේරී පත් විය පෙර ජුලියස් සීසර් විද් මැක්සිමස් බවට පත් විය. මෙම යහපැවැත්මට දෙවිවරුන්ගේ කැමැත්ත කියවා විශ්ව සාමය පිළිබිඹු ලෙස සීමා මායිම් පිළිබඳ ඇති ලකුණු අධීක්ෂණය, මේ අනුව, දිව්යමය ඉරණම පිළිබඳ කාරණයක් ලෙස රෝමානු ව්යාප්තවාදයට අනුමත. එහි හරය රෝම ජයග්රහනයක් ජයග්රාහී පොදු ගරුකළ හා සාධාරණ පාලනය මූර්තිමත් කරන දෙවිවරුන්ට තම කොල්ලය කොටසක් කැප විසින් පොදු යහපත සේවය කිරීමට ඔහු තුළ ඇති කැමැත්ත, විශේෂයෙන් බ්රහස්පති, ප්රදර්ශනය කරන ආගමික පෙරහැර විය. මෙම Punic යුද්ධ (ක්රි.පූ 264-146) ප්රතිඵලයක් වශයෙන්, රෝමයේ අධිපති බලය ලෙස තහවුරු කිරීමට වෙහෙස වන විට, නව විහාරස්ථාන බොහෝ දේවත්වය භාරයක් ඉටු මහේස්ත්රාත්වරුන්ගේ ඔවුන්ගේ මිලිටරි සාර්ථකත්වය සහතික සඳහා ඉදි කරන ලදී.","[ 'කුමක් පන්තියේ සාමාජිකයන් පැරණි රෝමයේ පූජකයන් ද?', 'මොන වගේ දේශපාලන වෙන් රෝමයේ පහව ගොස් තිබේ ද? ',' කුමක්ද රෝම ජනරජය කාල පරිච්ඡේදයක දෙවියන් වහන්සේ රෝම සඳහා පමණක් පාලනය ගෙනදෙමින් කුමන ද? ','? ',' ජයග්රාහී ජෙනරාල්වරු විසින් ඉදි නව විහාරස්ථාන බොහෝ වූ දේ යුද්ධයේ ප්රතිඵලයක් ලෙස? ']","[[{ 'පෙළ' 'ප්රභූ', 'answer_start': 63}], [{ 'පෙළ' 'පල්ලිය හා රාජ්යය', 'answer_start': 128}], [{ 'පෙළ' 'ක්රි.පූ 509-27 ',' answer_start ': 189}], [{' පෙළ '' බ්රහස්පති ',' answer_start ': 822}], [{' පෙළ '' Punic යුද්ධ ',' answer_start ': 874}]]"
"යූ ටියුබ් සැන් බෲනෝ, කැලිෆෝනියා, එක්සත් ජනපදය මූලස්ථානය කරගත් ගෝලීය වීඩියෝ හුවමාරු වෙබ් අඩවියක්. මෙම සේවාව දී නොවැම්බර් 2006 2005 පෙබරවාරි මස පේපැල් සමාගමේ හිටපු සේවකයන් තිදෙනෙක් විසින් නිර්මාණය කරන ලදී, එය එක්සත් ජනපදය $ බිලියන 1.65 සඳහා ගූගල් විසින් මිලදී ගෙන ඇත. යූ ටියුබ් දැන් ගූගල් අනුබද්ධිත සමාගම් වලින් එකක් ලෙස ක්රියාත්මක වේ. මෙම වෙබ් අඩවිය උඩුගත කරන්න, බලන්න, වේගය, කොටස්, සහ වීඩියෝ අදහස් ප්රකාශ කිරීම පරිශීලකයන් ඉඩ ලබා දෙන අතර, එය පරිශීලක-ජනනය හා සමාගම් විවිධ ප්රදර්ශනය කිරීමට WebM, H.264 / MPEG-4 නගරයට ආසන්නව, සහ Adobe Flash වීඩියෝ තාක්ෂණය භාවිතා කරයි මාධ්ය වීඩියෝ. ලබා ගත හැකි අන්තර්ගතයට වීඩියෝ ක්ලිප්, රූපවාහිනි දර්ශන, සංගීතය, වීඩියෝ, චිත්රපට පෙර හඳුන්වාදීම්, සහ එවැනි වීඩියෝ බ්ලොග් ලිවීම, කෙටි මුල් වීඩියෝ, සහ අධ්යාපන වීඩියෝ වැනි වෙනත් අන්තර්ගතයන් ඇතුළත් වේ.","[ 'කොහේද Youtube මූලස්ථානය? ',' යූ ටියුබ් නිර්මාණය කරන ලද්දේ කවදාද? ',' 2006 දී Youtube සඳහා ගූගල් වැටුප් කොපමණ කළේ? ',' වීඩියෝ බ්ලොග් වඩා වෙනත් හා හා අධ්යාපනික වීඩියෝ පට, YouTube හි ගත හැකි අන්තර්ගතය කුමක් ද? ',' කොහොමද YouTube දැන් ලෙස ක්රියාත්මක වන්නේ ව්යාපාර? 2006 දී යූ ටියුබ් ආරම්භ කළ සේවකයින් තුනක් වැඩ කිරීම සඳහා භාවිතා කළේ ',' කුමක්ද සමාගම? ',' එක්සත් ජනපදය $ බිලියන 1.65 සඳහා 2005 දී YouTube මිලදී කවුද? ', ""කවුද ගේ අනුබද්ධිත ගූගල් දැන් යටතේ ක්රියාත්මක කරන්නේ කෙසේද?"",' වෙන මොන තාක්ෂණය YouTube භාවිතය WebM සහ H.642 / MPEG-4 VAC හැර කරන්නේ? ']","[[{ 'පෙළ' 'සැන් බෲනෝ, කැලිෆෝනියා, එක්සත් ජනපදය', 'answer_start': 59}], [{ 'පෙළ' 'පෙබරවාරි 2005', 'answer_start': 157}], [{ 'පෙළ': 'එක්සත් ජනපදය $ බිලියන 1.65', 'answer_start': 218}], [{ 'පෙළ' 'කෙටි මුල් වීඩියෝ', 'answer_start': 634}], [{ 'පෙළ': ""ගූගල් අනුබද්ධිත සමාගම් වලින් එකක් ලෙස"", 'answer_start ': 256}], [], [], [], []]"
"වෙන්වීමේ පවුර ජෙෆර්සන් කරන ඒ එක්සත් ජනපද ශ්රේෂ්ඨාධිකරණය විසින් නැවත නැවතත් සඳහන් කර ඇත. රෙනෝල්ඩ් ආයතයෙහි. ඇමරිකා එක්සත් ජනපදය (1879) අධිකරණයට ජෙෆර්සන් ගේ අදහස් ""වාගේ [පළමු] ව්යවස්ථා සංශෝධනය හා විෂය පථය ක්රියාත්මක ක බලාධිකාරී ප්රකාශයක් ලෙස පිළිගත හැකිය."" මෙසේ ලිවීය . අධ්යාපන එවර්සන් v මණ්ඩලය (1947) දී, අධිකරණ හියුගෝ කළු මෙසේ ලිවීය: ""තෝමස් ජෙෆර්සන් වචනවලින් කියතොත්, නීතිය මගින් ආගම පිහිටුවීමට එරෙහිව වගන්තිය පල්ලිය හා රාජ්ය අතර වෙන්කිරීමේ තාප්පයක් ඉදි කිරීමට අදහස් කරන ලදී.""","[ 'කවුද වෙන්වීමේ බිත්ති ගැන ද විදහාපාන අගනා රූපකයකි කළ?', 'කුමක්ද එක්සත් ජනපද ශ්රේෂ්ඨාධිකරණය නැවත නැවතත් සඳහන් කර ඇත?', 'එක්සත් ජනපදය රෙනෝල්ඩ් එම නඩුව වූ විට.?', ""ලෙස ජෙෆර්සන් ගේ අදහස් ගැන අධිකරණය ලිවීම් කළ දේ එය ඉදි කිරීමට අදහස් කරන නීතිය මගින් ආගම පිහිටුවීමට එරෙහිව වගන්තිය කුමක්ද? '' පළමු වන සංශෝධනය හා විෂය පථය ක්රියාත්මක කිරීමට අදාළ? "", 'වෙන් ඇති බිත්ති ගැන ද විදහාපාන අගනා රූපකයකි ප්රතික්ෂේප කවුද?', 'එක්සත් ජනපද ශ්රේෂ්ඨාධිකරණය ඇත්තේ කුමන අධිකරණය නැවත නැවතත් ප්රතික්ෂේප? ',' රෙනෝල්ඩ් එම නඩුව වූ විට. එක්සත් ජාතීන්ගේ? ',' එය තුන්වන ආණ්ඩුක්රම ව්යවස්ථා සංශෝධනය හා විෂය පථය ක්රියාත්මක කිරීමට අදාළ ලෙස කුමක්ද ජෙෆර්සන් ගේ අදහස් ගැන අධිකරණය ලිව්වද? "", 'පිහිටුවීමට එරෙහිව වගන්තිය කුමක්ද 'නීතිය මගින් නොවන ආගම සකානමය කිරීම රිසි ක?]","[[{ 'පෙළ' 'ජෙෆර්සන්', 'answer_start': 0}], [{ 'පෙළ' 'ද විදහාපාන අගනා රූපකයකි', 'answer_start': 12}], [{ 'පෙළ' '1879', 'answer_start' : 128}], [{ 'පෙළ' 'බලාධිකාරී ප්රකාශ', 'answer_start': 206}], [{ 'පෙළ' 'පල්ලිය හා රාජ්ය අතර වෙන්කිරීමේ තාප්පයක්', 'answer_start': 459}], [ ], [], [], [], []]"
"රෙපරමාදු රෙපරමාදු ප්රතිසංස්කරණය සමඟ බිහිවූ ක්රිස්තියානි ඇදහිල්ල හා ක්රියාව පිළිබඳ ආකෘති පත්රය, [a] එහි අනුගාමිකයන් රෝමානු කතෝලික සභාවේ වැරදි ලෙස සලකනු දේ එරෙහිව ව්යාපාරය යි. එය ක්රිස්තියානි, රෝමානු කතෝලික සහ නැගෙනහිර ඕතොඩොක්ස් සමග එක්ව ප්රධාන අංශ තුනෙන් එකකි. Anglicanism සමහර විට මාටින් ලූතර්ගේ ඉගැන්වීම් තිරිසනුන් ලෙස හෙළා දකිමින් කළ නියෝගයක් එරෙහිව 1529 දී ලූතරන් අධිපතීන් සිට විරෝධතාව ලිපිය සිට කාලීන පදනම්වන්නේ මෙම රෙපරමාදු සිට ස්වාධීන ලෙස සැලකේ. [ආ].","[ 'විශ්වාසය කුමන ආකාරයේ රෙපරමාදු ද?' ',' 'වරක් තිරිසනුන් ලෙස සලකන ලදී? කාගේ ඉගැන්වීම්' '' රෙපරමාදු වඩා වෙනත්, කුමක් ක්රිස්තියානි අනෙක් අංශ දෙකක්? ', මාටින් ලූතර් හෙළා විරෝධතා ලිපියක් ලිව්වේ කවුද ? ',' කුමක්ද රෙපරමාදු ආරම්භ කළ ව්යාපාරයේ නම? ']","[[{ 'පෙළ' 'ක්රිස්තියානි', 'answer_start': 27}], [{ 'පෙළ' 'මාටින් ලූතර්', 'answer_start': 512}], [{ 'පෙළ' 'රෝමානු කතෝලික සහ නැගෙනහිර ඕතොඩොක්ස් ',' answer_start ': 270}], [{' පෙළ '' ලූතරන් අධිපතීන් ',' answer_start ': 442}], [{' පෙළ '' රෙපරමාදු ප්රතිසංස්කරණය ',' answer_start ': 78}]]"
"වෙනි සමුළුව බ්රසීලියාහි (පෘතුගීසි උච්චාරණය: [bɾaziljɐ]) බ්රසීලයේ ෆෙඩරල් අගනුවර සහ ෆෙඩරල් දිස්ත්රික් රාජ්ය වාසස්ථානය වේ. නගරය රටේ මධ්යස්ථානය-බටහිර කලාපයේ බ්රසීලියානු කඳුකරයේ මුදුනේ පිහිටා ඇත. එය නව ජාතික අගනුවර ලෙස සේවය කිරීම සඳහා, 1960 අප්රේල් මස 21 වන දින ආරම්භ කරන ලදී. වෙනි සමුළුව බ්රසීලියාහි සහ එහි මෙට්රෝ (ෆෙඩරල් දිස්ත්රික්කයේ මුළු ක්රිව) එය බ්රසීලයේ 4 වන වඩාත් ජනාකීර්ණ නගරයක් බවට 2011 දී 2.556.149 ක ජනගහනයක් ඇත. ප්රධාන ලතින් ඇමරිකානු නගර අතර වෙනි සමුළුව බ්රසීලියාහි R හි වැඩිම ඒක දළ දේශීය නිෂ්පාදිතයෙන් $ 61,915 (ඇමෙරිකානු $ 36,175) ඇත.","[ ""බ්රසීලයේ අගනුවර කුමක්ද? ',' Brasilia දී? වන්නේ බ්රසීලයේ කුමක්ද කලාපයේ ',"" එක්සත් ජනපද ඩොලර් ඒක පුද්ගල Brasilia දළ දේශීය නිෂ්පාදිතයෙන් යනු කුමක්ද? "","" Brasilia ගේ මෙට්රෝ ප්රදේශයේ ජනතාව යනු කුමක්ද? "",' Brasilia ආරම්භ කරන ලද්දේ කවදාද ? ',' පෘතුගීසින් දිස්ත්රික් බ්රසීලයේ අගනුවර කුමක්ද? ',' කෝ Brasilia ගේ මෙට්රෝ පිහිටා ඇත? "", 'Brasilia මෙට්රෝ ලෙස සේවය කිරීමට ආරම්භ කරන ලද්දේ කවදාද?' ',"" Brasilia ෆෙඩරල් දිස්ත්රික් ජනගහනය යනු කුමක්ද? "",' 1960 දී Brasilia සහ එහි මෙට්රෝ ජනගහනය කුමක්ද? ']","[[{ 'පෙළ' 'වෙනි සමුළුව බ්රසීලියාහි', 'answer_start': 0}], [{ 'පෙළ' 'මධ්යස්ථානය-බටහිර', 'answer_start': 196}], [{ 'පෙළ' 'එක්සත් ජනපදය $ 36.175', 'answer_start': 538}], [{ 'පෙළ' '2,556,149', 'answer_start': 383}], [{ 'පෙළ' 'අප්රේල් මස 21, 1960', 'answer_start': 237}], [], [], [], [], []]"
"ග්රීසියේ සේවය (82.8%) මත පදනම් වූ ආර්ථිකය සහ කාර්මික අංශ (13.3% ක්) සමග සංවර්ධිත රටක්. කෘෂිකාර්මික අංශය 2015 වැදගත් ග්රීක කර්මාන්ත, ජාතික ආර්ථික නිමැවුම් 3.9% සංචාරක හා නාවික ඇතුළත් දායක විය. 2013 දී අන්තර්ජාතික සංචාරකයන් මිලියන 18 ක් සමග, ග්රීසියේ ලෝකයේ, යුරෝපා සංගමය හා 16 වැනි, 7 වැනි වැඩිම සංචාරය රට විය. ග්රීක මර්චන්ට් නාවික හමුදා ගෝලීය මෙම තෑගි බෙදා බෙදාහරින ලද 15% ක් ග්රීසිය හා ආසියාව අතර ජාත්යන්තර සමුද්රීය ප්රවාහන සඳහා ඉහළ ඉල්ලුමක් නාවික ක්ෂේත්රයේ පෙර නොවූ විරූ ආයෝජන ප්රතිඵලය වී ඇත්තේ 2013 වන විට ග්රීක අයත් යාත්රා සමග, ලොව විශාලතම වේ.","[ 'රටේ වර්ගය කුමක්ද ග්රීසිය?', 'ග්රීසියේ ආර්ථිකය මොන ප්රතිශතයක් සේවා මත පදනම් වේ? "","" කාර්මික අංශ කොපමණ ග්රීසියේ ආර්ථිකය සමන්විත වන? "",' කොපමණ ජාතික ආර්ථික නිමැවුම කෘෂිකාර්මික අංශයේ කළා ග්රීසිය 2015 දී දායක? ',' අන්තර්ජාතික සංචාරකයන් 2013 දී ග්රීසියට ගියේය කීයක්? ',' ග්රීසිය මහාද්වීපය කුමන ආකාරයේ? ',' ග්රීසියේ ආර්ථිකය මොන ප්රතිශතයක් සේවා ලබා ගෙන ඇත? "","" කොපමණ ග්රීසියේ නය වේ කාර්මික අංශය සමන්විත? "", 'කොහොමද ජාතික ආර්ථික නිෂ්පාදනය වැඩි ග්රීසියේ කෘෂිකාර්මික අංශයේ 2014 දී ඉවත් කළේ?', '2013 දී අන්තර්ජාතික සංචාරකයන් ග්රීසියේ සිරගත කරන ආකාරය බොහෝ?']","[[{ 'පෙළ' 'සංවර්ධනය', 'answer_start': 12}], [{ 'පෙළ': '82 .8% ',' answer_start ': 68}], [{' පෙළ ': '13 .3%', ' answer_start ': 99}], [{' පෙළ '' 3.9% ',' answer_start ': 143}], [{' පෙළ ': '18 මිලියන', 'answer_start': 247}], [], [] , [], [], []]"
"සකස්වුණ නීති හෝ සෙනේට් බහුතරයේ නායක ලෙස මෙන් නොව, හවුස් බහුතරයේ නායක තීරු බදු හා ප්රමුඛත්වය සභාවේ කථානායක ශෛලිය හා බලය මත පදනම්ව වෙනස් වේ. සාමාන්යයෙන්, කථානායක විවාදය සඳහා සහභාගි කලාතුරකින් බිම ඡන්දය නැත. සමහර අවස්ථාවල දී, බහුතරයේ නායකයින් කථානායක වඩා වඩාත් බලපෑම් එල්ල වී ඇති බවත්; කථානායක ඩෙනිස් හැස්ටර්ට් වඩා ප්රමුඛ වූ සැලකිය යුතු ටොම් ප්රමාද. මීට අමතරව, කථානායක නිව්ට් ගින්ග්රිච් සභාව බිම නීති අවස බලය පෙර නොවූ විරූ මට්ටමේ ඩික් Armey වෙත පවරා.","[ 'සභාවේ මිනිසුන්ගේ කථානායක dbate සහභාගි?', 'නිවසේ කථානායක වඩා වඩාත් බලපෑම් snate බහුතරයක් නායකයන් ද ??', 'නිව්ට් ගින්ග්රිච් බොහෝ වගකීම් ඛෙදා කළේ කවුද?', 'විට ටොම් නිවසේ කථානායක කවුද ප්රමාද බහුතරයේ නායක ද? ',' කොච්චර බලය ඩික් Armey කිරීමට ටොම් ප්රමාද නියෝජිතයා කළේ? ',' ටොම් ප්රමාද ඩික් Armey සභාව බිම පුරා බලය ලබා කුමක්ද? ',' සාමාන්යයෙන් සෙනේට් බහුතරයේ නායක කුමක් නැත්තේ ඇයි? ',' වඩා ඩෙනිස් හැස්ටර්ට් වඩාත් ප්රමුඛ කවුද? ',' මේ සතිය තුළ බහුතරයේ නායක රාජකාරි මොනවාද? ""]","[[{ 'පෙළ' 'සාමාන්යයෙන්, කථානායක විවාදය සහභාගී නොවේ', 'answer_start': 199}], [{ 'පෙළ' 'බහුතරය නායකයින් කථානායක වඩා වඩාත් බලපෑම් එල්ල වී ඇති', 'answer_start': 299 }], [{ 'පෙළ' 'ඩික් Armey', 'answer_start': 479}], [{ 'පෙළ' 'ඩෙනිස් හැස්ටර්ට්', 'answer_start': 415}], [], [], [], [], []]"
"ආර්මේනියානු ආර්මේනියාව සහ තත්වාකාර ස්වාධීන නගෝර්නෝ-කරබක් සමූහාණ්ඩුව ප්රධාන ජනගහනය අතර වේ. ජීවත් නවීන ආර්මේනියාව පිටත පූර්ණ හෝ අර්ධ ආර්මේනියානු සම්භවයක් මිලියන 5 ක පමණ ජනතාවගේ පුළුල් පරාසයක ඩයස්පෝරාව ඇත. රුසියාවේ විශාලතම ආර්මේනියානු ජනගහනය අද දින පවතින, එක්සත් ජනපදය, ප්රංශය, ජෝර්ජියා, ඉරානය, යුක්රේනය, ලෙබනනය, සිරියාව. ඉරානය හා පැරනි සෝවියට් රාජ්යයන් හැරෙන්නට, අද දවසේ ආර්මේනියානු ඩයස්පෝරාව ආමේනියානු ජන සංහාරය ප්රතිඵලයක් ලෙස ප්රධාන වශයෙන් පිහිටුවන ලදී.","[ 'කොහේද ආර්මේනියාව හැර ආර්මේනියානු බොහෝ දුරට ජීවත් වෙන්නේ?', 'ඇයි බොහෝ ආර්මේනියානු ආර්මේනියාව දාලා ගියේ?', 'කීයක් ආර්මේනියානු සජීවී පිටත ආර්මේනියාව සහ ජනරජයක් එය තුල?', 'බොහෝ අයදුම්කරුවෙකුට ආර්මේනියානු ජීවත් වන්නේ කොහේද?', 'කෝ කිරීමට රුසියානුවන් ආර්මේනියාව හැර ජීවත්? ',' සජීවී Ukranian සම්භවයක් ජනතාව කොපමණ රුසියාවේ? ',' ඇයි බොහෝ ආර්මේනියානු ඉරානය දාලා ගියේ? ',' ද නගෝර්නෝ-කරබක් සමූහාණ්ඩුව සම්භවයක් ඇත කුමක් සංක්රමණය? ',' මිනිසුන් ඇති කොහෙද එක්සත් ජනපද පිටත සංක්රමණය වූ ජනතාව? ']","[[{ 'පෙළ' 'නගෝර්නෝ-කරබක් සමූහාණ්ඩුව', 'answer_start': 81}], [{ 'පෙළ' 'මිලියන 5 ක පමණ', 'answer_start': 144}], [{ 'පෙළ' 'රුසියාවේ , එක්සත් ජනපදය, ප්රංශය, ජෝර්ජියා, ඉරානය, යුක්රේනය, ලෙබනනය, සිරියාව ',' answer_start ': 287}], [{' පෙළ '' ආමේනියානු ජන සංහාරය ',' answer_start ': 491}], [], [], [], [], []]"
"යෙහෝවා දෙවිගේ සාක්ෂිකරුවන් ප්රධාන ධාරාවේ ක්රිස්තියානි පැහැදිලි nontrinitarian විශ්වාස සමඟ millenarian restorationist ක්රිස්තියානි නිකායක් වේ. කණ්ඩායම ශුභාරංචි සම්බන්ධ බැතිමතුන්ගේ මිලියන 8.2 කට වඩා වැඩි, මිලියන 15 කට වඩා වැඩි වන සමුළුවට සහභාගි චරිත වු අතර, මිලියන 19.9 කට වඩා වැඩි වාර්ෂික අනුස්මරණ පැමිණීම පිළිබඳ ලොව පුරා සාමාජිකත්වය පවසයි. යෙහෝවා දෙවිගේ සාක්ෂිකරුවන්, බෘක්ලින්, නිව් යෝර්ක්, වැඩිමහල්ලන් පිරිසක් බයිබලයේ එහි අර්ථ මත පදනම් වූ සියලු ධර්මයන් අනිත්යයි වන යෙහෝවා දෙවිගේ සාක්ෂිකරුවන්ගේ පාලක මණ්ඩලය විසින් අධ්යක්ෂණය කර ඇත. ඔවුන්ගේ සාහිත්ය ඉඳහිට වෙනත් පරිවර්තන උපුටා දක්වන අතර උපුටා දක්වයි නමුත් ඔවුන්, ඔවුන්ගේ පරිවර්තනය, ශුද්ධ ලියවිල්ලෙහි නව ලොව පරිවර්තනය භාවිතා කිරීමට කැමැත්තක් දක්වයි. ඔවුන් ආමගැඩන් දී වත්මන් ලෝක ක්රමය විනාශ ආසන්න වන අතර, මේ පොළොව දෙවියන් වහන්සේගේ රාජ්යය ස්ථාපිත කිරීම මනුෂ්යත්වයට මුහුණ සියලු ගැටලු සඳහා එකම විසඳුම බව බව අප විශ්වාස කරනවා.","[ 'යෙහෝවා සාක්ෂිකරුවන් මොනවාද?', '' දෙවි සාක්ෂිකරුවන්ගේ විශ්වාසයන් වෙනස් වන ද? ',' බැතිමතුන්ගේ කීයක් ලොව පුරා කණ්ඩායම ප්රකාශය කරන්නේ? ',' යෙහෝවා සාක්ෂිකරුවන් යොමු කිරීමේ චෝදනා කවුද? ', කොහේද ',' කරන්න ',' යෙහෝවා දෙවි සාක්ෂිකරුවන් කොහෙද ආරම්භ කරන ලදී? පිහිටා? ',' බොහෝ යෙහෝවා සාක්ෂිකරුවන් බැතිමතුන්ගේ කෙසේද එක්සත් ජනපදයේ ජීවත් වන පිරිසක් වැඩිමහල්ලන්? යෙහෝවා සාක්ෂිකරුවන් බොහෝ එක්සත් ජනපදයේ ශුභාරංචි සම්බන්ධ වන්නේ කෙසේද? ',' කෝ ආමගැඩන් එහි ආරම්භය වනු ඇත යෙහෝවා සාක්ෂිකරුවන් විශ්වාස කරනවද? ']","[[{ 'පෙළ' 'millenarian restorationist ක්රිස්තියානි නිකායක්', 'answer_start': 25}], [{ 'පෙළ' 'ප්රධාන ධාරාවේ ක්රිස්තියානි', 'answer_start': 117}], [{ 'පෙළ' 'වඩා මිලියන 8.2 කි ',' answer_start ': 185}], [{' පෙළ ': ""පාලක මණ්ඩලයේ යෙහෝවා දෙවිගේ සාක්ෂිකරුවන්ගේ"",' answer_start ': 397}], [{' පෙළ '' බෘක්ලින් ',' answer_start ' : 457}], [], [], [], []]"
"ඩ්වයිට් දාවිත් 'Ike ""අයිසන් හවර් (/aɪzənˌhaʊ.ər/ ඇසින්-zən අයුරු-ər; ඔක්තෝබර් 14, 1890 - මාර්තු 28, 1969) 1953 සිට 1961 දක්වා එක්සත් ජනපදයේ 34 වන ජනාධිපති ලෙස කටයුතු කල ඇමරිකානු දේශපාලනඥයකු හා පොදු විය . ඔහු දෙවන ලෝක යුද්ධය අතරතුර දී එක්සත් ජනපදය යුද හමුදාවේ තරු පහේ සාමාන්ය වූ අතර යුරෝපයේ මිත්ර හමුදා උත්තරීතර හමුදාපති ලෙස සේවය කර ඇත. ඔහු බස්නාහිර පෙරමුණ 1944-45 දී සැලසුම් කිරීම හා 1942-43 දී Torch මෙහෙයුම උතුරු අප්රිකාව තුල ආක්රමනය, අධීක්ෂණය හා ප්රන්සය හා ජර්මනිය අතර සාර්ථක ආක්රමණය සඳහා වගකිව යුතු විය. 1951 දී, ඔහු නේටෝ පළමු ශ්රේෂ්ඨාධිකරණය හමුදාපති බවට පත් විය.","[ඉහළම තැනට (නිලය නොවේ) කුමක්ද දෙවන ලෝක යුධ සමයේ ""මොන අයිසන් හවර් සුරතල් නම ද?"", 'ඩ්වයිට් අයිසන්හවර් මැද නම කුමක්ද?' ', ""කුමක් වසරේ දී අයිසන් හවර් ජනාධිපති ආරම්භ කළේ ඇයි?', ', අයිසන්හවර් සාක්ෂාත් ? ',' කුමක්ද උතුරු අප්රිකානු ආක්රමණය අයිසන් හවර් අධීක්ෂනය නම ද? ']","[[{ 'පෙළ' 'Ike', 'answer_start': 14}], [{ 'පෙළ' 'දාවිත්ගේ', 'answer_start': 7}], [{ 'පෙළ' '1953', 'answer_start' : 196}], [{ 'පෙළ' 'යුරෝපයේ මිත්ර පාක්ෂික හමුදා උත්තරීතර හමුදාපති', 'answer_start': 300}], [{ 'පෙළ' 'මෙහෙයුම Torch', 'answer_start': 430}]]"
"බ්රොන්ක්ස් / brɒŋks / දකුණු වෙස්චෙස්ටර් පිහිටා නිව් යෝර්ක් ප්රාන්තයේ නිව් යෝක් නගරයේ ප්රදේශ අයිති පහ (කෝරල), පලාත් වේ. බොහෝ පාලම් සහ උමං ක්වීන්ස් මැන්හැටන් ඇති පටු හාර්ලම් ගඟට ඉහලින් හා යටතේ බටහිර මෑන්හැටන්, දිවයින සහ ඒක අරුම පුදුම කිරීමට බ්රොන්ක්ස් සබැඳෙයි මෙන්ම, දකුණු නැගෙනහිර ගඟ හරහා පාලම් ඉදිකිරීම තවදුරටත් තුනක්. ප්රදේශ අයිති පහක්, බ්රොන්ක්ස් එක්සත් ජනපද භූමියට එකම එකක් වන අතර, 2014 දී වර්ග සැතපුම් 42 ක භූමි ප්රදේශයක් (109 km2) සහ 1.438.159 ක ජනගහනයක් සහිත, සිව්වන විශාලතම භූමි සිව්වන වැඩිම ජනගහනය ඇති අතර, තෙවන වැඩිම ජන ඝනත්වය.","[ 'කීයක් යොවුන් සේනාංකයේ දී boroughs ද?', 'බ්රොන්ක්ස් යොවුන් සේනාංකයේ අතර ස්ථානගත වී තිබේ කොහෙද boroughs?', ""මොන බ්රොන්ක්ස් ජනගහනය ද?"", 'බ්රොන්ක්ස් කෙසේද විශාල ද?' ', ""මොන බ්රොන්ක්ස් පිහිටීම ගැන අද්විතීය වන්නේ ඇයි? ""]","[[{ 'පෙළ' 'පස්', 'answer_start': 47}], [{ 'පෙළ' ', උතුරු දිශාවට', 'answer_start': 27}], [{ 'පෙළ' '1.438.159', 'answer_start' : 507}], [{ 'පෙළ': වර්ග සැතපුම් '42 (109 km2) ',' answer_start ': 461}], [{' පෙළ '' ප්රදේශ අයිති පහම බ්රොන්ක්ස් එක්සත් ජනපදය මත පමණි භූමි ප්රදේශය ',' answer_start ': 367}]]"
"එය ජාතික ආන්ඩු විසින් බැංකු ඇප දී බේරා ගැනීම වලක්වා, නමුත් කොටස් වෙලඳපොලවල් තවමත් ලොව පුරා වැටී තිබූ විශාල මූල්ය ආයතන, බිඳ වැටීම තර්ජනය කළා. බොහෝ ප්රදේශවල, නිවාස වෙලඳපොල ද නෙරපා හැරීමට, අත්පත්කර ගැනීම් හා දිගු විරැකියාව නිසා, දුක් වින්දා. ප්රධාන ව්යාපාර අසාර්ථක අර්බුදය සැලකිය යුතු කාර්ය භාරයක් ඉටු කලේ, එක්සත් ජනපද ඩොලර් ටි්රලියන ගනනක් ඇස්තමේන්තු පාරිභෝගික ධනය, හා ආර්ථික කටයුතුවල පසුබෑම 2008-2012 ගෝලීය ආර්ථික අර්බුදය ප්රධාන හා යුරෝපීය රාජ්ය නය අර්බුදය දායක ප්රතික්ෂේප කරයි. ද්රවශීලතා අර්බුදයක් ලෙස විද්යමාන වන අර්බුදය ක්රියාකාරී අදියර, බී.එන්.පී. පරිබාස් ""ද්රවශීලතා සම්පූර්ණ වාෂ්පීකරණය"" උපුටා දක්වමින් ආරක්ෂක අරමුදල් තුනක් වලින් මුදල් ආපසු අවසන් වන විට අගෝස්තු 9, 2007, දාතමින් කළ හැක.","[ 'විශාල මූල්ය ආයතන බිඳ වැටීම වළක්වා? ජාතික ආන්ඩු විසින් 2007 දී ක්රියාමාර්ගය කුමක්ද', 'බොහෝ ඇස්තමේන්තු කෙසේද පාරිභෝගික ධනය 2007 මූල්ය අර්බුදය හේතුවෙන් අහිමි වුණේ ඇයි?', 'දිනය මූල්ය ක්රියාකාරී අදියර යනු කුමක්ද අර්බුදය ද්රවශීලතා අර්බුදයක් ලෙස ආරම්භ? ',' 2007 අවසන් වන මූල්ය අර්බුදය පසුව ඇති වූ ගෝලීය ආර්ථික පසුබෑම කුමක්ද වසරේ? ',' කුමක්ද ද්රවශීලතා අර්බුදයක් උපුටා දක්වමින් 2007 දී ආරක්ෂක අරමුදල් තුනක් වලින් මුදල් ආපසු අවසන් බව එම සමාගමේ නම? ' ]","[[{ 'පෙළ' 'බැංකු ඇප', 'answer_start': 87}], [{ 'පෙළ' 'එක්සත් ජනපදය ඩොලර් ටි්රලියන ගනන්', 'answer_start': 398}], [{ 'පෙළ' 'අගෝස්තු 9, 2007 ',' answer_start ': 649}], [{' පෙළ '' 2012 '', '' answer_start ': 481}], [{' පෙළ '' බී.එන්.පී. පරිබාස් ',' answer_start ': 670}]]"
"පෘතුගාලය (පෘතුගීසි: [puɾtuɣaɫ]), නිල වශයෙන් පෘතුගීසි ජනරජය (පෘතුගීසි: República Portuguesa), නිරිත යුරෝපය තුළ දී, අයිබීරියන් අර්ධද්වීපයේ රටක්. එය දකුණු සහ ස්පාඤ්ඤය විසින් උතුරු හා නැගෙනහිර බටහිරින් අත්ලාන්තික් සාගරයේ මායිම් කොට භූමි යුරෝපයේ westernmost රට, හා. මෙම පෘතුගාලය-ස්පාඤ්ඤය දේශ 1.214 ක් (754 සැත) ක් දිග වන අතර, යුරෝපා සංගමය තුල දිගම දේශසීමාව සලකා බලන ලදී. ජනරජ ද Azores හා Madeira අත්ලාන්තික් කොදෙව්, තමන්ගේ ම ප්රාදේශීය ආන්ඩු සමග දෙකම ස්වාධීන කලාපවල ඇතුළත් වේ.","[ 'සාගර පෘතුගාලය දේශ කරන්නේ කුමක්ද?', 'පෘතුගාලය දේශ කරන්නේ වෙනත් රට කුමක්ද?', 'කුමක්ද යුරෝපා සංගමය තුල දිගම දේශසීමාව ද?', 'පෘතුගාලය කොහේද?', 'කොපමණ කාලයක් පෘතුගාලය-ස්පාඤ්ඤය දේශ සීමා? ',' කුමක්ද ස්වාධීන කලාපවල දෙකක් පෘතුගාලයේ තමන්ගේ ම ආන්ඩු ද? ']","[[{ 'පෙළ' 'අත්ලාන්තික් සාගරය', 'answer_start': 242}], [{ 'පෙළ' 'ස්පාඤ්ඤය', 'answer_start': 286}], [{ 'පෙළ' 'පෘතුගාලය-ස්පාඤ්ඤයේ, 'answer_start': 319}], [{ 'පෙළ' 'අයිබීරියන් අර්ධද්වීපය, නිරිත යුරෝපයේ', 'answer_start': 127}], [{ 'පෙළ' '1.214 ක් (සැතපුම් 754)', 'answer_start': 344}], [{ 'පෙළ' 'Azores හා Madeira', 'answer_start': 502}]]"
"මානව හිතවාදී තනි තනිව හා සාමූහිකව, මානව වර්ගයාගේ වටිනාකම සහ ආයතනය අවධාරණය කරයි බව දාර්ශනික සහ සදාචාරාත්මක ස්ථාවරය වන අතර, සාමාන්යයෙන් බැහැර හෝ මිථ්යා විශ්වාසයන් පිළිගැනීම වැඩි විවේචනාත්මක චින්තනය සහ සාක්ෂි (යථාර්ථවාදය, empiricism) වඩාත් කැමති වෙයි. ඒ සමඟ හඳුනාෙගන ඇති රජයන් බුද්ධිමය ව්යාපාර අනුව කාලීන මානවවාදයෙන් අර්ථය උච්ඡාවචනය කර ඇත. සාමාන්යයෙන්, කෙසේ වෙතත්, මානව හිතවාදී, මානව නිදහස සහ ප්රගතිය සමහර සංකල්පය තහවුරු කරන බව ඉදිරිදර්ශනයක් සඳහන් කරයි. නවීන කාලවලදී, මානවහිතවාදී ව්යාපාර සාමාන්යයෙන් ලෞකිකත්වයට සමඟ align වී ඇති අතර අද මානව හිතවාදී සාමාන්යයෙන්-theistic නොවන ජීවිතය ස්ථාවරය සඳහන් මානව ආයතනය කේන්ද්ර හා ලෝකය අවබෝධ කර ගැනීමට ඇති ආශ්චර්යමත් ප්රභවය එළිදරව් කිරීමට විද්යාව වඩා බලා.","[ 'කුමක්ද මානවවාදයෙන් ක ප්රගුණ කිරීමට අත්යවශ්ය වැදගත් ලෙස දැකිය හැක්කේ කෙසේද?', 'කුමක්ද මානවවාදයෙන් පොදු අඳ ද?' ',' මේ දින මානව හිතවාදී දේ ක්රමයක් ලෙස දැකිය හැකි විය? ',' සඳහා බැර කළ හැකි දේ මානවවාදයෙන් අර්ථ දැක්වීම වෙනස්කම්? ',' වෙනුවට දේ මානවවාදයෙන් හැරීම ආත්මික හෝ දිව්යමය ප්රභවය අදහන්නේ දෙසට හැරෙමින්? ',' මානවවාදයෙන් වන්නට කිසිදු වැදගත් ලෙස දැකිය හැක්කේ කුමක්ද? ',' කුමක්ද මානවවාදයෙන් ව්යාජ අඳ ද? ',' කුමක්ද මානවවාදයෙන් අර්ථ දැක්වීම වෙනස්කම් මත කිසිදු බලපෑමක් ඇති කුමක්ද මානවවාදයෙන් තවදුරටත් ක්රමයක් ලෙස දැකිය ද? ','? ',' කුමක්ද මානවවාදයෙන් වෙනුවට ආත්මික හෝ දිව්යමය ප්රභවය රාජපාක්ෂිකභාවය හෙලා දකින කරන්නේ කුමක්ද? ']","[[{ 'පෙළ' 'මිනිසුන්', 'answer_start': 87}], [{ 'පෙළ' 'නිදහස සහ ප්රගතිය', 'answer_start': 470}], [{ 'පෙළ' 'ලෞකිකත්වයට', 'answer_start': 555}], [{ 'පෙළ' 'බුද්ධිමය ව්යාපාර', 'answer_start': 329}], [{ 'පෙළ': 'විද්යාව', 'answer_start': 672}], [], [] , [], [], []]"
"පොළොව මුලින්ම හේතුවෙන් අන්ත ගිනිකඳු හා අනෙකුත් ආයතන සමග නිතර නිතර ඝට්ටන උණු විය. අවසානයේදී, මෙම ග්රහ ලෝකයේ පිටත තට්ටුව ජලය වායුගෝලය තුල රැස් ආරම්භ විට කබොල්ලක් පිහිටුවීමට සිසිල්. සඳ හැකි පෘථිවි ස්කන්ධයෙන් 10% ක් පමණ glancing පහරක් දී ග්රහ බලපෑම් ඇතිවන සමග අඟහරු ප්රමාණයේ වස්තුව කිරීමේ ප්රතිඵලයක් ලෙස, ඉතා ඉක්මනින් පසුව පිහිටුවා ගත්හ. මෙම වස්තුව ස්කන්ධයෙන් සමහරක් වන්නේ එහි ඇති අභ්යන්තර සංයුතිය සැලකිය යුතු ආකාරයට වෙනස් කිරීම, පෘථිවිය සමග ඒකාබද්ධ, සහ කොටසක් අභ්යවකාශයට පිටකරන විය. ද්රව්යමය ලද සමහරක් වටා පරිභ්රමණය වන සඳ පිහිටුවීමට බේරුණා. නිපදවෙන රේඩෝන් හා ගිනිකඳු ක්රියාකාරකම් කල්පිත වායුගෝලය ඉදිරිපත්. ජල වාෂ්ප ඝනීභවනය, වල්ගා තරු ගැලවීමට අයිස් මගින් වර්ධනය, සාගර ඉදිරිපත්.","[ '? සඳ මහජන පොළොව සමාන කරන්නේ කොහොමද', 'කුමක්ද පොළොවේ පිටතින් ඒ සිසිල් පසුව පිහිටුවන?', 'පොළොව ආරම්භක රාජ්ය කුමක් ද? විය', 'කුමක්ද පොළොව මත ආදි කල්පිත වායුගෝලය නිර්මාණය? earths සාගර නිර්මාණය කිරීමට උදව් දේ ප්රභවය සිට ',' අයිස්? ',' වාත්තු වීමට Earths මුල් පෘෂ්ඨයේ හේතු වුණේ කුමක්ද? ',' ජලය එකතු කිරීමට ඉඩ සිසිල් කුමක්ද? ',' ජලය මතුපිට පොදිගසා ආරම්භ කරන විට සිදු වූයේ කුමක්ද? ',' කුමක්ද පොළොව කැබැල්ලක් කඩා සඳ පිහිටුවීමට හේතු? ',' සඳ ස්කන්ධය earths මහා සමාන කරන්නේ කෙසේද? ']","[[{ 'පෙළ' 'වාත්තු', 'answer_start': 20}], [{ 'පෙළ' 'ඝන පෘෂ්ඨයේ', 'answer_start': 152}], [{ 'පෙළ': 10% ක් පමණ "" පෘථිවි ස්කන්ධය "", 'answer_start': 299}], [{ 'පෙළ' 'නිපදවෙන රේඩෝන් හා ගිනිකඳු ක්රියාකාරකම්', 'answer_start': 563}], [{ 'පෙළ' 'කේතු', 'answer_start': 688} ], [], [], [], [], []]"
"පොලිස් බලය නීතිය, රැකවරණය දේපළ හා සීමාව සිවිල් ආබාධයක් ක්රියාත්මක කිරීම සඳහා රජය විසින් බලය පුද්ගලයන් පිහිටුවා ශරීරය වේ. , තම බලය බලය නීත්යානුකූල භාවිතය ඇතුළත් වේ. මෙම පදය බොහෝ පොදුවේ වගකීම පිළිබඳ අර්ථ නීතිමය හෝ භෞමික ප්රදේශය තුළ රාජ්ය පොලිස් බලය පාවිච්චි කිරීමට බලය ඇති බව ස්වෛරී රාජ්යයක පොලිස් සේවා සමඟ සංෙයෝජිත ෙකෙර්. පොලිස් හමුදා බොහෝ විට විදේශ ආක්රමනිකයන් එරෙහිව රාජ්ය ආරක්ෂක සම්බන්ධ හමුදා හෝ වෙනත් සංවිධාන වලින් වෙන වෙනම ලෙස අර්ථ නිරූපනය කර ඇත; කෙසේ වෙතත්, අමනුස්සයෝ වෙන්න සිවිල් පොලිස් චෝදනා හමුදා ඒකක වේ.","[ 'රාජ්ය කරන්න පොලිස් බලකායක් අවශ්ය ද? කුමක්ද', 'කුමක්ද සිට පොලීසිය සාමාන්යයෙන් වෙන් කරන්නේ?' '' 'කුමක්ද අමනුස්සයෝ වෙන්න ද?' ',' 'රාජ්ය කරන්න එපා පොලිස් බලකායක් අවශ්ය කුමක්ද කරන්නේ කුමක්ද?', 'කුමක්ද ජනාධිපති පොලිස් බලකායක් කරන්න ඕන? ',' කුමක්ද අමනුස්සයෝ වෙන්න නේද? ',' කුමක්ද පොලීසිය සාමාන්යයෙන් එකට ද? ',' කුමක්ද පොලිස් වෙන් කවදාවත් ද? ']","[[{ 'පෙළ': 'answer_start' 'නීතිය, රැකවරණය දේපළ හා සීමාව සිවිල් ආබාධයක් ක්රියාත්මක': 74}], [{ 'පෙළ' 'සිවිල් පොලිස් චෝදනා හමුදා ඒකක', 'answer_start': 567} ], [{ 'පෙළ' 'හමුදා හෝ විදේශීය ආක්රමනිකයන් එරෙහිව රාජ්ය ආරක්ෂක සම්බන්ධ අනෙකුත් සංවිධාන', 'answer_start': 445}], [], [], [], [], []]"
"වර්ග සංහාරය ජාත්යන්තර සබඳතා භාවිතා නිල කාලීන බවට පත් වී තිබේ. වර්ග සංහාරය යන වචනය මෙම පෙර 1944 පෙර භාවිතා නොවේ, 1941 දී, වින්ස්ටන් චර්චිල් යුද්ධය හා සිවිල් වැසියන් රුසියානු සිරකරුවන් සමූහ වශයෙන් ඝාතනය ලෙස ""අපරාධයක් නමක් නැති"" විස්තර. එම වසරේ දී, රෆායෙල් Lemkin නම් පෝලන්ත යුදෙව් නීතිඥයෙක්, ජන සංහාරය වැනි නාසීන් විසින් පිහිටුවන ක්රමානුකූලව ඝාතනය ප්රතිපත්ති විස්තර. වර්ග සංහාරය යන වචනය, ග්රීක උපසර්ගය geno- (තේරුම ගෝත්රය හෝ ජාතිය) සහ caedere (ඝාතනය කිරීමට ලතින් භාෂාවෙන්) සංයෝජන ය. යන වචනය පැවැත්ම සිට සමස්ත පිරිසක් ඉවත් කිරීමට හෝ විනාශ කිරීමට ගත් උත්සාහය සමග කිසියම් පිරිසක් එරෙහිව සිදු කරන බව දරුණු අපරාධ පිලිබඳ විශේෂිත ලෙස අර්ථ දක්වා ඇත.","[ '' වර්ග සංහාරය 'යන වචනය කුමක් වසර වන තෙක් නොදන්නා ද?', '1941 දී, කොහොමද වින්ස්ටන් චර්චිල් යුද්ධය රුසියානු සිරකරුවන් මහා ඝාතන හැඳින්වූයේ ඇයි?', 'කුමක්ද පළමු විස්තර කළ පෝලන්ත යුදෙව් නීතිඥයෙකු වූ නම ලෙස නාසි කුරිරු ක්රියා ""වර්ග සංහාරය?"" ',' කුමක්ද යන වචන ආකාරා පදනම ""වර්ග සංහාරය?"" එය ඉලක්ක කණ්ඩායම් එරෙහිව ප්රචන්ඩ අපරාධ වලට අදාල වන පරිදි, ජන සංහාරය පිළිබඳ ක්රියා තුළ අවසාන පෙළඹවීම කුමක්ද යනු ','? ',' 'වර්ග සංහාරය' පසුගිය වචනය වූ විට දක්වා ප්රසිද්ධ ""වර්ග සංහාරය"" යන වචනය කුමක්ද වසරේ භාවිතා? ',' නැහැ යන වචනය භාවිතා කවුද ""වර්ග සංහාරය""? ',' 1945 දී වර්ග සංහාරය ක්රියා සඳහන් කවුද? ','? ',' මොන විශේෂිත වන පරිදි අර්ථ දක්වා ඇත ? ෙකළවෙර් ""යුද සිරකරුවන්"" ප්රථම වරට භාවිතා කරන විට පැවැත්ම සිට සමස්ත පිරිසක් ඉවත් කිරීමට හෝ ඒවා වැඩි කර ගැනීමට උත්සාහ කිරීම සමග කිසියම් පිරිසක් එරෙහිව සිදු කරන බව දරුණු අපරාධ ','? ක ',' කුමක්ද ""සිරකරුවන් නිර්වචනය වන්නේ "" ',' මෙම වාක්ය?"" යුද සිරකරුවන් ""කුමක් වසර වන තෙක් නොදන්නා ද? යුද්ධය""? ',' කවුද යන වාක්ය යන වදනේ ""යුද සිරකරුවන් ',' 1941 දී, කොහොමද රෆායෙල් Lemkin රුසියානු මහා ඝාතන හැඳින්වූයේ ඇයි යුද සිරකරුවන්? ']","[[{ 'පෙළ' '1944', 'answer_start': 110}], [{ 'පෙළ': 'answer_start' ' ""නමක් නැති අපරාධ"" ලෙස': 225}], [{ 'පෙළ': 'රෆායෙල් Lemkin', 'answer_start': 297}], [{ 'පෙළ' 'ග්රීක උපසර්ගය geno- (තේරුම ගෝත්රය හෝ ජාතිය) සහ caedere (ඝාතනය කිරීමට ලතින් භාෂාවෙන්)', 'answer_start': 435}], [{ 'පෙළ' 'පැවැත්ම සිට සමස්ත පිරිසක් ඉවත් කිරීමට හෝ විනාශ කිරීමට', 'answer_start': 636}], [], [], [], [], [], [], [], [ ], [], []]"
"Saint-බර්තලමි (ප්රංශ: ශාන්ත-බර්තලමි, ප්රංශ උච්චාරණය: [sɛbaʁtelemi]), නිල වශයෙන් Saint-බර්තලමි (ප්රංශ: Collectivité territoriale ද ශාන්ත-බර්තලමි) භෞමික සාමූහික, ප්රංශයේ විදේශ සාමූහික වේ. බොහෝ විට ප්රංශ Saint-බාත්, හෝ ඉංග්රීසි ශාන්ත Barts හෝ ශාන්ත Barths කිරීමට සංක්ෂිප්ත, ආදිවාසීන් Ouanalao දිවයිනේ හමුවිය. ශාන්ත මාටින් හා ශාන්ත කිට්ස් උතුරු 35 කිලෝමීටර (22 mi) දුරින් ගැන ශාන්ත බර්තලමි බොරු. පෝටෝ රිකෝ මහ ඇන්ටිලස් බටහිරින් කිලෝමීටර 240 (සැතපුම් 150 ක්) වේ.","[ 'Saint-බර්තලමි කවෙර්ද; ක්රෙග් කුමක්ද රටක්', 'කුමක්ද Saint-බර්තලමි සඳහා ප්රංශ පලාෙත් ෙකටි නාමය ද?', 'භාෂාව දී ශාන්ත බර්තලමි abbreviate ශාන්ත Barts ද?', 'ශාන්තුවරයන්ගේ දේශීය ජනයා කළ දේ දිවයිනේ කතා -Barthélemy? ',' වන දිශාව Saint-බර්තලමි දිවයිනේ සිට පෝටෝ රිකෝ ද? ',' කොතරම් දුර ශාන්ත මාටින්ද සිට ශාන්ත කිට්ස් ද? ',' සෙන්ට් කිට්ස් සිට පෝටෝ රිකෝ කොතරම් දුරට ද? ',' කොතරම් දුර Saint-බර්තලමි ප්රංශයේ සිට ද? ',' කුමක් දිශාවට ශාන්ත Barts සිට ප්රංශය ද? ',' පෝටෝ රිකෝ ආදිවාසීන් ඔවුන්ගේ දිවයිනේ කතා කළේ කුමක්ද? ']","[[{ 'පෙළ' 'ප්රංශය', 'answer_start': 232}], [{ 'පෙළ' 'ශාන්ත බාත්', 'answer_start': 261}], [{ 'පෙළ' 'ඉංග්රීසි', ' answer_start ': 314}], [{' පෙළ '' Ouanalao ',' answer_start ': 363}], [{' පෙළ '' බටහිර ',' answer_start ': 515}], [], [], [ ], [], []]"
"ටජිකිස්තානය, (i / tɑːdʒiːkᵻstɑːn /, / tədʒiːkᵻstæn / හෝ / tædʒiːkiːstæn /; පර්සියානු: تاجيكستان Тоҷикистон [tɔd͡ʒikɪstɔn]), ටජිකිස්තාන නිල ජනරජය (පර්සියානු: جمهورى تاجيكستان ටජික්: Ҷумҳурии Тоҷикистон, Çumhuriji Toçikiston / Jumhuriyi Tojikiston; රුසියානු: Республика Таджикистан, Respublika Tadzhikistan), 2013 දී ඇස්තමේන්තුගත මිලියන 8 ක් පමණ මිනිසුන් හා 143.100 km2 (55,300 වර්ග සැතපුම්) ක භූමි මධ්යම ආසියාවේ කඳුකර, රටකි. එය, නැගෙනහිරින් බටහිරට දකුණු ඇෆ්ගනිස්ථානය මායිම් වන්නේ, උස්බෙකිස්තානය, උතුරු කිර්ගිස්තානය, චීනය. පකිස්ථානය පටු Wakhan කොරිඩෝව වෙන් දකුණේ පිහිටා ඇත. ටජික් ජනතාවගේ සාම්ප්රදායික ජාතිකයන් වර්තමාන ටජිකිස්තානය, ඇෆ්ගනිස්ථානය හා උස්බෙකිස්තානය ඇතුළත් විය.","[ 'ටජිකිස්ථානය පිහිටා තිබෙන්නේ කොහේද?', 'ටජිකිස්ථානය ජනතාව කොපමණ ජීවත් කරන්නේ?', 'ටජිකිස්තාන ප්රදේශයේ යනු කුමක්ද?', 'රටට බොරු Tajikistans නැගෙනහිර?', 'කුමක්ද ටජිකිස්තානය හා පාකිස්තානය seperates?', ' කුමන රටේ මධ්යම ආසියාවේ කඳුකර, සාගර භූ විසින් අර්ථ? ',' ටජිකිස්ථානය දේ වසරේ රුපියල් මිලියන 18 ක පමණ ජනතාව විසින්? ',' Talick ජනතාවගේ සම්ප්රදායික ජාතිකයන් ඇතුළත්? ',' කුමන මධ්යම අප්රිකාවේ රටේ පිහිටා ඇත 143.100 km2? ',' 153.100 km2 කොපමණ වර්ග සැතපුම් සමාන ද? ']","[[{ 'පෙළ' 'මධ්යම ආසියාවේ', 'answer_start': 355}], [{ 'පෙළ' 'මිලියන 8 ක් පමණ මිනිසුන්', 'answer_start': 389}], [{ 'පෙළ': ක 'ප්රදේශයේ 143.100 km2 (55,300 වර්ග සැතපුම්) ',' answer_start ': 422}], [{' පෙළ '' චීනය ',' answer_start ': 555}], [{' පෙළ '' Wakhan කොරිඩෝව ',' answer_start ': 626}], [], [], [], [], []]"
"Notre ඩෑම් ඩු නායක ගුවන් භට (හෝ හුදෙක් Notre ඩෑම් / ˌnoʊtərdeɪm / NOH-tər-DAYM) විශ්ව එක්සත් ජනපදයේ, දකුණු වංගුව, ඉන්ඩියානා යාබදව පිහිටි කතෝලික පර්යේෂණ විශ්ව විද්යාලය වේ. ප්රංශ, Notre ඩෑම් ඩු නායක ගුවන් භට ""ලේක් අප ස්වාමිදූගේ"" යන්නයි හා මොරටුව විශ්ව විද්යාලයේ සාන්තුවරයාණන්, මරිය තුමිය නැමැති කන්යාවගෙන් සඳහන් කරයි. ප්රධාන කැම්පස් වූ උප නාගරික පරිසරයක දී අක්කර 1,250 ආවරණය කර ඇති අතර එය එවැනි ගෝල්ඩන් ලෙබනන්, එම ""වචනය ලයිෆ්"" සෑම තැනෙකදීම (පොදුවේ නොහැර යේසුස් ලෙස හඳුන්වන), හා බැසිලිකාව ලෙස හඳුනාගත සලකුණු ගණනාවක් අඩංගු වේ.","[ 'Notre ඩෑම් ලෙස පාසල් වඩාත් දීර්ඝ නම, එය කුමක් ද විසින් දන්නා?', 'ද Notre ඩෑම් වේ ආයතනයක් කුමන ආකාරයේ?', 'ප්රංශ වචන Notre ඩෑම් ඩු නායක ගුවන් භට ඉංග්රීසි දේ පරිවර්තනය?', 'Notre ඩෑම් වන සාන්තුවරයාණන් කවුද?', 'කොහොමද විශාල අක්කර Notre ඩෑම් ද?']","[[{ 'පෙළ' 'Notre ඩෑම් ඩු විශ්ව', 'answer_start': 4}], [{ 'පෙළ' 'කතෝලික පර්යේෂණ විශ්ව විද්යාල', 'answer_start': 92}], [{ 'පෙළ' ' ලේක් අප ස්වාමිදූගේ ',' answer_start ': 220}], [{' පෙළ '' මරිය තුමිය නැමැති කන්යාවගෙන් ',' answer_start ': 287}], [{' පෙළ '' .1,250 ',' answer_start ': 327 }]]"
"මානව විද්යාව මිනිසුන් හා අතීත සහ වර්තමාන ඔවුන්ගේ සංගම් පිළිබඳව අධ්යයනය කිරීමයි. එහි ප්රධාන අනුබෙදුම මානව ජීවීන්ගේ දීර්ඝ කාලීන සංවර්ධන කෙරෙහි අවධානය යොමු කරන සමාජ ජීවිතයේ භාෂාව, සහ ජීව විද්යාත්මක හෝ භෞතික මානව විද්යාව, බලපෑම ගැන පරීක්ෂන කරන ලොව පුරා සමාජ ක්රියාකාරීත්වය විස්තර කරන සමාජ මානව විද්යාව හා සංස්කෘතික මානව විද්යාව, භාෂාමය, මානව විද්යාව, වේ. භෞතික සාක්ෂි පරීක්ෂණ හරහා පසුගිය මානව සංස්කෘති අධ්යයනය කරන පුරා විද්යාව, යුරෝපයේ, එය එහි ම අයිතිය තුළ විනය ලෙස දැකිය, හෝ එවැනි ඉතිහාසයක් වශයෙන් වෙනත් අදාළ විෂය යටතේ වර්ගීකරණය කරනු ඇති අතර, එක්සත් ජනපදයේ මානව විද්යාව ශාඛාවක් ලෙස පිළිගනු ලැබේ .","[ 'මොනවාද? මානව විද්යාව අධ්යයනය වේ', 'ලොව පුරා සමාජ ක්රියාකාරීත්වය විස්තර මානව විද්යාව කුමන ආකාරයේ?', 'කුමක්ද සමාජ ජීවිතයේ භාෂාව බලපෑම විමර්ශනය?', 'මානව විද්යාව අවධානය දිගු සමග ම මොන අනුබෙදුම මානව ජීවීන්ගේ -term සංවර්ධන? ',' කෝ පුරාවිද්යා මානව විද්යාව ශාඛාවක් ලෙස සැලකේ? ',' මානව ඉතිහාසය අධ්යයනයේ යනු කුමක්ද? ',' කුමක්ද ඉතිහාසයේ ප්රධාන අනුබෙදුම ද? ',' බලපෑම අධ්යයනය කුමක්ද සමාජ ජීවිතය මත සමිති? ',' මිනිසුන් මත අනෙක් ජීවීන්ගේ influince අධ්යයනය කුමක් ද? ',' තම දකුණු අත විනය ලෙස එක්සත් ජනපදය දැක්ම කුමක්ද? ']","[[{ 'පෙළ' 'මිනිසුන් හා ඔවුන්ගේ සමිති', 'answer_start': 29}], [{ 'පෙළ' 'සමාජ', 'answer_start': 107}], [{ 'පෙළ' 'භාෂාමය මානව විද්යාව' 'answer_start': 214}], [{ 'පෙළ' 'භෞතික', 'answer_start': 318}], [{ 'පෙළ' 'එක්සත් ජනපදය', 'answer_start': 541}], [], [ ], [], [], []]"
"මොන්ටානා i / mɒntænə / එක්සත් ජනපදයේ බටහිර කලාපයේ රාජ්ය වේ. රාජ්ය නම ස්පාඤ්ඤ වචනය මොන්ටානා (කන්ද) සිට ව්යුත්පන්න කර ඇත. මොන්ටානා කිසිවක් නිල ""බිග් ස්කයි රට"" සහ ""නිධානය 'රාජ්ය ඇතුළු, හා"" දිලිසෙන කඳු දේශය ""සහ වඩාත් මෑතක දී' අවසාන හොඳම පෙදෙස"" ඇතුලත් සටන් පාඨ වුවත්, කෙටි නම් කිහිපයක් ඇත. මොන්ටානා එක්සත් ජනපදය 50 ජන ඝනත්වය තුළ ජනගහනය හා 48 වැනි තුළ ප්රමාණයෙන් 4 වන නමුත්, 44 වැනි ස්ථානය හිමි කර ඇත. මොන්ටානා බටහිර තෙවන බොහෝ කඳු වැටි අඩංගු වේ. කුඩා දිවයින ආලේප ආදී රාජ්ය පුරා දක්නට ලැබේ. මුළු, 77 නම් ආලේප ආදී රොකී කඳු කොටසකි.","[ 'ප්රාන්ත නිලය ප්රමාණය යනු කුමක් ද?', 'කුමක්ද ජනගහනය එහි තරාතිරම ද?', 'කීයක් ආලේප ආදී රොකී කඳු කොටසක් ද?' ',' කෝ රාජ්ය නම සිට පැමිණි කරන්නේ කුමක්ද? ""]","[[{ 'පෙළ' '4 වන', 'answer_start': 370}], [{ 'පෙළ' '44 වැනි', 'answer_start': 387}], [{ 'පෙළ' '77', 'answer_start' : 590}], [{ 'පෙළ' 'ස්පාඤ්ඤ වචනය මොන්ටානා සිට', 'answer_start': 103}]]"
"පන්ජාබ් (හංගේරියානු, පන්ජාබ්: پنجاب, panj-AB, ""ජලය පස්"": (උදව් · තොරතුරු) සවන්), ද Panjab අක්ෂර වින්යාස සහිතව, පකිස්තානයේ පළාත් සතර වැඩිම ජනගහනය වේ. එය වර්ග කිලෝමීටර් 205,344 (වර්ග සැතපුම් 79,284) ක භූමි සහ 2011 91.379.615 ක ජනගහනය, රටේ මුළු ජනගහනයෙන් දල වශයෙන් 56% ක් ඇත. එහි පළාත් අගනුවර සහ විශාලතම නගරය ලාහෝර් වේ. පන්ජාබ් ජම්මු හා කාශ්මීර් හි ඉන්දියානු රාජ්යයන් විසින් නැගෙනහිර, ඊසාන හා පන්ජාබ් සහ රාජස්ථාන් කිරීමට මායිම් වී ඇත. පාකිස්තානයේ එය උතුරු සින්ද් වූ දකුණු බටහිර මායිම්, බලුකිස්තානය සහ රත්නපුර ත්රිකුණාමලය Pakhtunkhwa, හා ඉස්ලාමාබාදය හා අසාඩ් කාශ්මීර.","[ 'කුමක්ද කරන්නේ පන්ජාබ් අදහස්?', 'කීයක් පළාත් පකිස්තානය මේ කරන්නේ කුමක්ද?', 'කොහොමද විශාල පන්ජාබ් ද?' ', ""මොකක්ද පන්ජාබ් ජනගහනය ද?"", ""පන්ජාබ් විශාලතම නගරය කුමක්ද?"",' ජනගහනය යනු කුමක්ද ලාහෝර්? ',' කුමක්ද ඉන්දියාවේ විශාලතම නගරය ද? ',', පකිස්තානයේ ප්රදේශයේ කුමක්ද? ',' පාකිස්තානය යන්නෙන් අදහස් කරන්නේ කුමක්ද? ',' ඉන්දියාව පළාත් කීයක් තිබෙනවාද? ']","[[{ 'පෙළ' 'පස් ජලය', 'answer_start': 40}], [{ 'පෙළ' 'හතර', 'answer_start': 125}], [{ 'පෙළ' 'වර්ග කිලෝමීටර් 205,344 (79,284 වර්ග සැතපුම්) ',' answer_start ': 171}], [{' පෙළ ': '91 .379.615', 'answer_start': 239}], [{ 'පෙළ' 'ලාහෝර්', 'answer_start': 355}] , [], [], [], [], []]"
"රිච්මන්ඩ් Charlottesville සැතපුම් 66 (106 km) නැගෙනහිර, ජේම්ස් නදිය වැටීම මාර්ගය පිහිටා ඇත Williamsburg සැතපුම් 44 (71 ක් පමණ), බටහිර හා වොෂිංටන්, ඩී.සී. සැතපුම් 98 (158 km) දකුණු Henrico හා Chesterfield කෝරල වට , නගරය අන්තර් රාජ්ය 95 සහ අන්තර් රාජ්ය 64 ක හංදිවල පිහිටා, සහ අන්තර් රාජ්ය 295 වට සහ වර්ජිනියා රාජ්ය මාර්ග 288. මේජර් තදාසන්න නිරිත දෙසින් Midlothian, ග්ලෙන් ඇලන් උතුරු හා බස්නාහිර දෙසට, කෙටි පොම්පය බටහිරින් හා Mechanicsville කිරීමට ඇතුළත් වේ ඊසාන දිග.","[ 'සැතපුම් නැගෙනහිර රිච්මන්ඩ් කීයක් Williamsburg ද?', 'කීයක් කිලෝමීටර් බටහිර Charlottesville රිච්මන්ඩ් ද?', 'වොෂින්ටන් බැහැරවීම, රිච්මන්ඩ් වෙත ළඟා එක් චාරිකාවක් දේ කාදිනල් දිශාව?', 'කුමක්ද රිච්මන්ඩ් නිරිත දිග නගරයකි? "" 'කෝ රිච්මන්ඩ් සම්බන්ධයෙන් කෙටි පොම්පය පිහිටා ඇත?']","[[{ 'පෙළ' '44', 'answer_start': 57}], [{ 'පෙළ' '106', 'answer_start': 106}], [{ 'පෙළ' 'දකුණු', 'answer_start' : 161}], [{ 'පෙළ' 'Midlothian', 'answer_start': 397}], [{ 'පෙළ' 'බටහිර', 'answer_start': 478}]]"
", ක්ෂුද්ර ජීවීන් විශාල වර්ග එසේ සෞඛ්ය සම්පන්න පුද්ගලයන් සාපේක්ෂව හේතුව රෝග. එම රෝග කාරක කිහිපයක් හා ඔවුන් ආසාදනය වූ බලැති ආරක්ෂක අතර අන්තර් සිට බෝවන රෝග ප්රතිඵල. ඕනෑම ව්යාධි ප්රතිඵලයක් රෝගය පෙනුම හා ප්රචණ්ඩත්වය, පිණිසය විරුද්ධ සත්කාරක ඇති හැකියාව මෙන්ම සත්කාරක හානි කිරීමට බව ව්යාධි ඇති හැකියාව මත රඳා පවතී. කෙසේ වෙතත් සත්කාරක ප්රතිශක්තිකරණ පද්ධතිය ද ආසාදනය පාලනය කිරීමට තැත් කිරීමේ දී සත්කාරක ම හානි ඇති විය හැක. : ප්රාථමික රෝගකාරක බීජ ලෙස හෝ අවස්ථාවාදී රෝග කාරක ලෙස හෝ - වෛද්ය වරුන් නිසා සත්කාරක ආරක්ෂක තත්ත්වය අනුව බෝ ක්ෂුද්ර ජීවීන් හෝ ක්ෂුද්ර ජීවීන් වර්ගීකරණය","[ 'අන්තර් දේ ගැන සියලු බලැති ප්රතිඵල රෝගකාරක බීජ හා ආරක්ෂක අතර?', 'කෙතරම් රෝගයක් එසේ සෞඛ්ය සම්පන්න පුද්ගලයන් ක්ෂුද්ර ජීවීන් විශාල ප්රමාණයක්? අතුරින්' '' යනු ව්යාධි ප්රතිඵලයක් රෝගය පිළිබඳව බරපතලකම කුමක්ද මත රඳා පවතී කුමක්ද? ' ""මොකක්ද සත්කාරක සත්කාරක ප්රතිශක්තිකරණ පද්ධතිය හැකි ද?"", 'කුමක්ද වෛද්ය වරුන් බෝ ක්ෂුද්ර ජීවීන් තත්ත්වය අනුව වර්ගීකරණය කරන්නේ කෙසේද?', 'එසේ සෞඛ්ය සම්පන්න පුද්ගලයන් අලුත්වැඩියා හේතුව ක්ෂුද්ර ජීවීන් කොපමණ?', 'කුමක්ද අතර අන්තර් විසින් එය වළක්වා තිබේ සියලු බලැති රෝගකාරක බීජ හා ප්රහාර? ',' වන ව්යාධි ප්රතිඵලයක් ජයග්රහනයක් මට්ටම කුමක්ද මත රඳා පවතී කුමක්ද? '', ""කුමක් කළ හැකි සත්කාරක ප්රතිශක්තිකරණ පද්ධතිය සත්කාරක සිට ඉඩ දෙන්නේ ඇයි?"", 'වෛද්ය වරුන් ඔවුන් වර්ගීකරණය විට තත්ත්වය නොසලකා කුමක්ද බෝවෙන ක්ෂුද්ර ජීවීන්? ']","[[{ 'පෙළ' 'සාපේක්ෂව', 'answer_start': 45}], [{ 'පෙළ' 'බෝවන රෝග', 'answer_start': 108}], [{ 'පෙළ' 'බව ව්යාධි ඇති හැකියාව සත්කාරක ',' answer_start හානි කිරීමට ': 310}], [{' පෙළ '' හානි ',' answer_start ': 453}], [{' පෙළ '' සත්කාරක ආරක්ෂක ',' answer_start ': 620} ], [], [], [], [], []]"
"දඞයම ඕනෑම සත්ව ඝාතනය හෝ කොටු හෝ පසුපස හඹා හෝ එසේ ගැනීමේ අභිප්රායෙන් බව වන එය සොයා යොදාගන්නවා. මිනිසුන් හෝ සතුන් භයානක වන විලෝපිකයින්, හෝ වෙළඳ සඳහා ඉවත් කිරීමට, වන ජීවීන් හෝ ෆෙරල් පූසන් සතුන් වඩාත් සුලබ ආහාර, විනෝදය සඳහා මිනිසා විසින් සිදු කරනු ලැබේ දඩයම්. මෙම 2010s දී, නීත්යානුකූල දඩයම් නීති විරෝධී ඝාතන, මර උගුල් හෝ දඩයම් කරන ලද විශේෂ ග්රහණ වන හොර දඩයම්, මැණික් කැණීම්, ගෙන් වෙන්කොට ඇත. දඩයම් කරන විශේෂ ක්රීඩාව හෝ ගොදුරු ලෙස සඳහන් වූ අතර සාමාන්යයෙන් ක්ෂීරපායී සතුන්ගේ, පක්ෂීන්ගේ වේ.","[ 'කුමක්ද ඕනෑම සත්ව ඝාතනය හෝ රඳවා ගැනීමේ සිරිතක් ද?', 'ඇයි මිනිසුන් වඩාත් සුලබ දඩයම වනජීවී කරන්නේ?' ',' 'හොර රහසේ ධීවර කටයුතුවල නියැලෙන වන්නේ කුමක්ද?' '' 'කුමක්ද එහි නීත්යානුකූල සතුන් දඩයම් කිරීම හා? අතර වෙනසක් ඇත', යනු කුමක්ද ' ලෙස සඳහන්? දඩයම් කරන විශේෂ ',' ඕනෑම සත්ව ඝාතනය හෝ රඳවා ගැනීමේ සිරිතක් කුමක්ද කියා කියන්නේ ඇයි? ',' නීති විරෝධී ලෙස, මැරීම, අල්ලා හෝ රඳවා ගැනීමේ ක දඩයම් විශේෂ දේ ලෙස හැඳින්වේ? ',' දඩයම් විශේෂ සාමාන්යයෙන් දේ ලෙස හඳුන්වනු ලැබේ ? ',' කුමක්ද සතුන් සාමාන්යයෙන් දඩයම් කරන්නේ? ',' එය සත්ව ඝාතනය හෝ උගුලක් කැඳවා ඇත්තේ කුමක්ද? ',' කුමක්ද විශේෂ සාමාන්යයෙන් දඩයම් කරන්නේ? ',' ඇයි මිනිසුන් දඩයම් කරන්නේ? ',' නීත්යානුකූල දඩයම් ගෙන් වෙන්කොට විට මසුන් ඇල්ලීෙම්? ',' විශේෂ දඩයම් දේ ලෙස සඳහන් කරන්නේ? ',' ෆෙරල් පූසන් සතුන් සාමාන්යයෙන් කන්න මොනවාද? ෆෙරල් පූසන් සතුන් ගොදුරු සොයා ගැනීමට භාවිතා කරන්නේ ',' කුමක්ද උපක්රම? ',' පළමු වර්ගීකරණය ෆෙරල් පූසන් සතුන් දේ වසරේ දී? ',' සාමාන්යයෙන් ෆෙරල් පූසන් සලකනු ලැබේ සතුන් මොනවාද? ',' කුමක්ද වනජීවී සොයා ගැනීමට මිනිසුන් සමඟ තරඟ කිරීමට ඇති කරන්නේ කෙසේද? ']","[[{ 'පෙළ' 'දඞයම', 'answer_start': 0}], [{ 'පෙළ' 'ආහාර', 'answer_start': 185}], [{ 'පෙළ' 'මසුන් ඇල්ලීෙම්', 'answer_start' : 339}], [{ 'පෙළ' 'නීති විරෝධී ඝාතන, මර උගුල් හෝ දඩයම් කරන ලද විශේෂ ග්රහණ', 'answer_start': 362}], [{ 'පෙළ' 'ගොදුරු', 'answer_start': 477}], [{ 'පෙළ' 'දඞයම', 'answer_start': 0}], [{ 'පෙළ' 'මසුන් ඇල්ලීෙම්', 'answer_start': 339}], [{ 'පෙළ' 'තරගය හෝ ගොදුරු', 'answer_start ': 469}], [{' පෙළ '' ක්ෂීරපායී සතුන්ගේ, පක්ෂීන්ගේ ',' answer_start ': 498}], [{' පෙළ '' දඞයම ',' answer_start ': 0}], [{' පෙළ ': 'ක්ෂීරපායී සතුන්ගේ, පක්ෂීන්ගේ', 'answer_start': 498}], [{ 'පෙළ' 'ආහාර, විනෝදය, විලෝපිකයන් ඉවත් කිරීමට', 'answer_start': 185}], [{ 'පෙළ' '2010s', 'answer_start ': 295}], [{' පෙළ '' තරගය හෝ ගොදුරු ',' answer_start ': 469}], [], [], [], [], []]"
"කත්මන්ඩු නුවර (/ ˌkɑːtmɑːnduː /; නේපාල උච්චාරණය: [kɑʈʰmɑɳɖu]) අගනුවර හා නේපාලයේ විශාලතම නගර සභාව වේ. එය ද කලාපීය සහයෝගිතා සංවිධානය (සාක්) දකුණු ආසියානු සංගමයේ මූලස්ථානය පිහිටා ඇත. එය ඉන්දීය සභාග-Mahanagar (උප මෙට්රොපොලිටන් සිටි) හෝ නගර් (නගරය) හා සැසඳීමේදී, Mahanagar (මෙට්රොපොලිටන් සිටි) පරිපාලන තත්වය සමග නේපාල එකම නගරය වේ. කත්මන්ඩු නුවර Lalitpur, Kirtipur, Madhyapur Thimi, Bhaktapur සහ කුඩා ප්රජාවන් ගණනාවක් සමන්විත නේපාලය නිම්නයේ පිහිටා නේපාලය විශාලතම නාගරික agglomeration හරය වේ. කත්මන්ඩු නුවර ද අවිධිමත් ""KTM"" හෝ ""ත්රිවිධ නගරය"" ලෙස හැඳින්වේ. 2011 ජන සංගණනය අනුව, කත්මණ්ඩු නගරය 975.453 සහ ක්රියාමාර්ග 49,45 km2 (19.09 වර්ග සැත) ක ජනගහනයක් ඇත.","[ 'රටට කත්මන්ඩු? අගනුවර වන', 'කුමක්ද ඉන්දීය සභාග-Mahanagar ඉංග්රීසි අදහස් කරන්නේ කුමක්ද?', 'සමග ""KTM,"" කත්මන්ඩු තවත් සුරතල් නම කුමක්ද?', 'කොහොමද බොහෝ මිනිසුන් කත්මන්ඩු 2011 දී ජීවත්? ',' කීයක් වර්ග කිලෝමීටර ප්රමාණය කත්මන්ඩු ද? ']","[[{ 'පෙළ' 'නේපාලය', 'answer_start': 105}], [{ 'පෙළ' 'උප මෙට්රොපොලිටන් සිටි', 'answer_start': 332}], [{ 'පෙළ' 'තුන්කොන් නගරය ',' answer_start ': 615}], [{' පෙළ '' 975.453 ',' answer_start ': 704}], [{' පෙළ ': '49 .45', 'answer_start': 725}]]"
"රුධිර ප්රවාහ හෘද වස්තුවේ සෛල වලට හානි සිදු හදවත කොටසක් කිරීමට නතර කරන විට පොදුවේ හෘදයාබාධයක් ලෙස හැඳින්වේ වහිර්කන්තුක ඉක්පාකිභවනය (MI) හෝ උග්ර වහිර්කන්තුක ආබාධ (AMI), සිදුවේ. වඩාත් පොදු රෝග ලක්ෂණ උරහිස්, අත, ආපසු, බෙල්ල, හෝ හකු යාම හැකි පපුවේ වේදනාව හෝ අසහනය වේ. බොහෝ විට එය පපුව මැද හෝ වම් පැත්තේ වන අතර විනාඩි වඩා කිහිපයක් පවතිනවා. සිගරැට්ටුවක් දල්වා ගෙන ඉඳහිට අජීර්ණ වගේ දැනෙනවා විය හැක. වෙනත් රෝග ලක්ෂණ හුස්ම හිරවීම, ඔක්කාරය, හෘදය, ක්ලාන්ත, සීතල දහඩිය, හෝ වෙහෙසට පත්ව ඇති විය හැකිය. ජනතාව 30% ක් පමණ මිනිසුන් atypically ඉදිරිපත් කිරීමට වඩා ඉඩ වැඩි කාන්තාවන් සමග, විකෘති මනසක් රෝග ලක්ෂණ ඇති. අවුරුදු 75 කට වඩා පැරණි අය අතර, ගැන 5% රෝග ලක්ෂණ කුඩා හෝ ඉතිහාසය සමග එම් අයි වී තිබේ. ක එම්.අයි හෘදය අකර්මන්ය වීම, අක්රමවත් හද ගැස්ම, හෝ හෘද ස්පන්දනය ඇති විය හැක.","[ 'කුමක්ද රුධිර වහනය සඳහා විද්යාත්මක නාමය වන්නේ ඇයි?', 'කාන්තාවන් කොපමණ හෘදයාබාධයක් ඇති ද?', 'යනු එම් අයි මුහුණ විට පපුවේ වේදනාව ඇති ජනතාව කුමන ප්රතිශතයක්?', 'කුමක්ද ලෙස සාමාන්යයෙන් හඳුන්වනු අජීර්ණ ඇති වන්නේ ඇයි? ',' කොච්චර කාලයක් අජීර්ණ පසුගිය කරන්නේ? ']","[[], [], [], [], []]"
"20 වන සියවසේ පෙර, කාලීන වන කරුණ එතරම් ම ආලෝකය හෝ ශබ්ද ලෙස පරමාණු සහ බැහැර අනෙකුත් බලශක්ති සංසිද්ධි සමන්විත සාමාන්ය කරුණක් ඇතුළත් විය. කාරණය මෙම සංකල්පය පවා විට මාත්රාව සහිත කිසියම් වස්තූන් ඇතුළත් කිරීමට පරමාණු වලින් සාමාන්යකරණය කළ හැකිය, නමුත් වස්තුවක ස්කන්ධයෙන් එහි (බොහෝවිට අංශු ස්කන්ධයෙන්) සංඝටක 'යෝජනාව හා අන්තර් ශක්තිය පැන නැගිය හැකි නිසා මෙම රෝගී-අර්ථ දක්වා ඇත. මේ අනුව, කරුණු විශ්වීය නිර්වචනයක් ඇති, හෝ එය අද භෞතික විද්යාව මූලික සංකල්පයක් නැත. කාරණය ද ලිහිල්ව සියලු නිරීක්ෂණය භෞතික වස්තූන් වන සේ අපි එම ද්රව්යය සඳහා සාමාන්ය කාලීන ලෙස භාවිතා කර ඇත.","[ 'මොන කාලීන කාරණය, 20 වන සියවසේ පසු ඇතුළත් කළේ?', 'කුමක්ද සමන්විත පරමාණු ද?', 'කුමක්ද කාරණය උදාහරණ දෙකක්?', ""කුමන වස්තුව සමූහ සිට එන්න බැහැ?"", 'කරුණු දැනට සංකල්පය මොන වගේ සලකනු? ']","[[], [], [], [], []]"
